articleNumber,name,brand,category,subcategory,packSizeValue,packSizeUnit,salesUnit,unitsPerSalesUnit,ingredients,dietaryTags,allergens,origin,priceCHF,priceBasis,sourceUrl,verifiedAt,verificationStatus,notes
006280,Meatless Burger,Quality,plant_based,,100,g,case,30,,vegan,,,1.46,30 x 100 g,https://www-static.transgourmet.ch/public/2024-04/kw15-bgh-plant-based-kompetenzbroschuere-d.pdf,2026-08-22T12:54:01.714Z,verified_public_source,Extracted from an official public Transgourmet PDF.
006810,Burger,The Green Mountain,plant_based,,120,g,case,24,,vegan,,,,,https://www-static.transgourmet.ch/public/2024-04/kw15-bgh-plant-based-kompetenzbroschuere-d.pdf,2026-08-22T12:54:01.714Z,verified_public_source,Extracted from an official public Transgourmet PDF.
005898,Burger,The Beyond,plant_based,,113,g,case,40,,vegan,,,,,https://www-static.transgourmet.ch/public/2024-04/kw15-bgh-plant-based-kompetenzbroschuere-d.pdf,2026-08-22T12:54:01.714Z,verified_public_source,Extracted from an official public Transgourmet PDF.
006060,It's Vegic Bulgur Gemüse Burger,Hilcona,plant_based,,1.75,kg,case,3,,,,,,,https://www-static.transgourmet.ch/public/2024-04/kw15-bgh-plant-based-kompetenzbroschuere-d.pdf,2026-08-22T12:54:01.714Z,verified_public_source,Extracted from an official public Transgourmet PDF.
030540,Sensational Burger,Garden Gourmet,plant_based,,113,g,case,51,,vegan,,,,,https://www-static.transgourmet.ch/public/2024-04/kw15-bgh-plant-based-kompetenzbroschuere-d.pdf,2026-08-22T12:54:01.714Z,verified_public_source,Extracted from an official public Transgourmet PDF.
006249,Sensational Burger verzehrfertig,Garden Gourmet,plant_based,,120,g,case,58,,,,,,,https://www-static.transgourmet.ch/public/2024-04/kw15-bgh-plant-based-kompetenzbroschuere-d.pdf,2026-08-22T12:54:01.714Z,verified_public_source,Extracted from an official public Transgourmet PDF.
030532,Linsenburger,Garden Gourmet,plant_based,,80,g,case,75,,vegan,,,,,https://www-static.transgourmet.ch/public/2024-04/kw15-bgh-plant-based-kompetenzbroschuere-d.pdf,2026-08-22T12:54:01.714Z,verified_public_source,Extracted from an official public Transgourmet PDF.
069581,Jackfruit Burger,,plant_based,,1,kg,case,4,,vegan,,,,,https://www-static.transgourmet.ch/public/2024-04/kw15-bgh-plant-based-kompetenzbroschuere-d.pdf,2026-08-22T12:54:01.714Z,verified_public_source,Extracted from an official public Transgourmet PDF.
006247,Vegan Crispy Chickeriki Burger,The Vegetarian Butcher,plant_based,,90,g,case,20,,vegan,,,,,https://www-static.transgourmet.ch/public/2024-04/kw15-bgh-plant-based-kompetenzbroschuere-d.pdf,2026-08-22T12:54:01.714Z,verified_public_source,Extracted from an official public Transgourmet PDF.
006257,Raw Burger,The Vegetarian Butcher,plant_based,,113,g,case,20,,vegan,,,,,https://www-static.transgourmet.ch/public/2024-04/kw15-bgh-plant-based-kompetenzbroschuere-d.pdf,2026-08-22T12:54:01.714Z,verified_public_source,Extracted from an official public Transgourmet PDF.
030522,Burger Deluxe,Garden Gourmet,plant_based,,90,g,case,66,,,,,2.46,66 x 90 g,https://www-static.transgourmet.ch/public/2024-04/kw15-bgh-plant-based-kompetenzbroschuere-d.pdf,2026-08-22T12:54:01.714Z,verified_public_source,Extracted from an official public Transgourmet PDF.
006243,Vegan Burger,The Vegetarian Butcher,plant_based,,80,g,case,30,,vegan,,,1.55,30 x 80 g,https://www-static.transgourmet.ch/public/2024-04/kw15-bgh-plant-based-kompetenzbroschuere-d.pdf,2026-08-22T12:54:01.714Z,verified_public_source,Extracted from an official public Transgourmet PDF.
006070,Quinoa Chili Burger,Hilcona,plant_based,,1.75,kg,case,3,,,,,25.87,"3 x 1,75 kg",https://www-static.transgourmet.ch/public/2024-04/kw15-bgh-plant-based-kompetenzbroschuere-d.pdf,2026-08-22T12:54:01.714Z,verified_public_source,Extracted from an official public Transgourmet PDF.
006080,Mediterraner Dinkelburger,Hilcona,plant_based,,1.75,kg,case,3,,,,,25.87,"3 x 1,75 kg",https://www-static.transgourmet.ch/public/2024-04/kw15-bgh-plant-based-kompetenzbroschuere-d.pdf,2026-08-22T12:54:01.714Z,verified_public_source,Extracted from an official public Transgourmet PDF.
006263,Filet-Streifen gegrillt,Garden Gourmet,plant_based,,7.5,kg,package,1,,,,,23.10,"7,5 kg",https://www-static.transgourmet.ch/public/2024-04/kw15-bgh-plant-based-kompetenzbroschuere-d.pdf,2026-08-22T12:54:01.714Z,verified_public_source,Extracted from an official public Transgourmet PDF.
038860,Plant-based Filet (Poulet- Art),The Green Mountain,plant_based,,130,g,case,20,,,,,2.74,2 x 10 x ca. 130 g,https://www-static.transgourmet.ch/public/2024-04/kw15-bgh-plant-based-kompetenzbroschuere-d.pdf,2026-08-22T12:54:01.714Z,verified_public_source,Extracted from an official public Transgourmet PDF.
038880,Plant-based Steak,The Green Mountain,plant_based,,200,g,case,14,,,,,4.82,2 x 7 x ca. 200 g,https://www-static.transgourmet.ch/public/2024-04/kw15-bgh-plant-based-kompetenzbroschuere-d.pdf,2026-08-22T12:54:01.714Z,verified_public_source,Extracted from an official public Transgourmet PDF.
030560,Filet Streifen,Garden Gourmet,plant_based,,2,kg,case,2,,vegan,,,24.15,2 x 2 kg,https://www-static.transgourmet.ch/public/2024-04/kw15-bgh-plant-based-kompetenzbroschuere-d.pdf,2026-08-22T12:54:01.714Z,verified_public_source,Extracted from an official public Transgourmet PDF.
006253,Vegan Chickeriki Chunks Veganes Geschnetzeltes auf Soja-Ba- sis.,The Vegetarian Butcher,plant_based,,1.75,kg,package,1,,vegan,,,37.05,"1,75 kg",https://www-static.transgourmet.ch/public/2024-04/kw15-bgh-plant-based-kompetenzbroschuere-d.pdf,2026-08-22T12:54:01.714Z,verified_public_source,Extracted from an official public Transgourmet PDF.
016160,It's Vegic Geschnetzeltes,Hilcona,plant_based,,2,kg,case,3,,,,,12.21,3 x 2 kg,https://www-static.transgourmet.ch/public/2024-04/kw15-bgh-plant-based-kompetenzbroschuere-d.pdf,2026-08-22T12:54:01.714Z,verified_public_source,Extracted from an official public Transgourmet PDF.
006242,"Vegan Chickeriki Filet Slices The Vegetarian Butcher - Vegan Chi- ckeriki Fillet Slices - Vegane Streifen auf Sojabasis 1,8 kg",The Vegetarian Butcher,plant_based,,1.8,kg,package,1,,vegan,,,41.40,"1,8 kg",https://www-static.transgourmet.ch/public/2024-04/kw15-bgh-plant-based-kompetenzbroschuere-d.pdf,2026-08-22T12:54:01.714Z,verified_public_source,Extracted from an official public Transgourmet PDF.
039540,Plant-based Chicken Chunks,The Green Mountain,plant_based,,1.5,kg,case,2,,,,,29.90,"2 x 1,5 kg",https://www-static.transgourmet.ch/public/2024-04/kw15-bgh-plant-based-kompetenzbroschuere-d.pdf,2026-08-22T12:54:01.714Z,verified_public_source,Extracted from an official public Transgourmet PDF.
039590,Plant-based Beef Chunks,The Green Mountain,plant_based,,1.5,kg,case,2,,,,,29.90,"2 x 1,5 kg",https://www-static.transgourmet.ch/public/2024-04/kw15-bgh-plant-based-kompetenzbroschuere-d.pdf,2026-08-22T12:54:01.714Z,verified_public_source,Extracted from an official public Transgourmet PDF.
002528,Quorn Geschnetzeltes,Fredag,plant_based,,1,kg,case,5,,,,,22.50,5 x 1 kg,https://www-static.transgourmet.ch/public/2024-04/kw15-bgh-plant-based-kompetenzbroschuere-d.pdf,2026-08-22T12:54:01.714Z,verified_public_source,Extracted from an official public Transgourmet PDF.
006232,No Mince Veganes Gehacktes auf Soja-Basis.,The Vegetarian Butcher,plant_based,,2,kg,package,1,,vegan,,,18.25,2 kg,https://www-static.transgourmet.ch/public/2024-04/kw15-bgh-plant-based-kompetenzbroschuere-d.pdf,2026-08-22T12:54:01.714Z,verified_public_source,Extracted from an official public Transgourmet PDF.
030510,Hack vegan,Garden Gourmet,plant_based,,2,kg,case,2,,vegan,,,22.58,2 x 2 kg,https://www-static.transgourmet.ch/public/2024-04/kw15-bgh-plant-based-kompetenzbroschuere-d.pdf,2026-08-22T12:54:01.714Z,verified_public_source,Extracted from an official public Transgourmet PDF.
002530,Veganes Gehacktes,Fredag,plant_based,,1,kg,case,5,,vegan,,,15.70,5 x 1 kg,https://www-static.transgourmet.ch/public/2024-04/kw15-bgh-plant-based-kompetenzbroschuere-d.pdf,2026-08-22T12:54:01.714Z,verified_public_source,Extracted from an official public Transgourmet PDF.
039521,Tataralternative,The Green Mountain,plant_based,,80,g,case,20,,vegan,,,1.71,20 x 80 g,https://www-static.transgourmet.ch/public/2024-04/kw15-bgh-plant-based-kompetenzbroschuere-d.pdf,2026-08-22T12:54:01.714Z,verified_public_source,Extracted from an official public Transgourmet PDF.
039680,Plant-based Gehacktes Veganes Erzeugnis auf Basis von Erb- senprotein.,The Green Mountain,plant_based,,500,g,case,9,,vegan,,,70.84,9 x 500 g,https://www-static.transgourmet.ch/public/2024-04/kw15-bgh-plant-based-kompetenzbroschuere-d.pdf,2026-08-22T12:54:01.714Z,verified_public_source,Extracted from an official public Transgourmet PDF.
030640,Vegane Hackbällchen,Garden Gourmet,plant_based,,2,kg,case,2,,vegan,,,26.82,2 x 2 kg,https://www-static.transgourmet.ch/public/2024-04/kw15-bgh-plant-based-kompetenzbroschuere-d.pdf,2026-08-22T12:54:01.714Z,verified_public_source,Extracted from an official public Transgourmet PDF.
038200,Fleischkäsealternative,The Green Mountain,plant_based,,2.2,kg,case,2,,,,,41.78,"2 x 2,2 kg",https://www-static.transgourmet.ch/public/2024-04/kw15-bgh-plant-based-kompetenzbroschuere-d.pdf,2026-08-22T12:54:01.714Z,verified_public_source,Extracted from an official public Transgourmet PDF.
038250,Plant-based Wurst für Currywurst,The Green Mountain,plant_based,,120,g,case,24,,vegan,,,2.29,24 x 120 g,https://www-static.transgourmet.ch/public/2024-04/kw15-bgh-plant-based-kompetenzbroschuere-d.pdf,2026-08-22T12:54:01.714Z,verified_public_source,Extracted from an official public Transgourmet PDF.
038850,Bratwurstalternative,The Green Mountain,plant_based,,115,g,case,30,,vegan,,,2.46,3 x 10 x 115 g,https://www-static.transgourmet.ch/public/2024-04/kw15-bgh-plant-based-kompetenzbroschuere-d.pdf,2026-08-22T12:54:01.714Z,verified_public_source,Extracted from an official public Transgourmet PDF.
030550,Sensational Sausage,Garden Gourmet,plant_based,,90,g,case,66,,vegan,,,3.00,3 x 22 x 90 g,https://www-static.transgourmet.ch/public/2024-04/kw15-bgh-plant-based-kompetenzbroschuere-d.pdf,2026-08-22T12:54:01.714Z,verified_public_source,Extracted from an official public Transgourmet PDF.
038580,Kebab,The Green Mountain,plant_based,,1.5,kg,case,2,,vegan,,,22.58,"2 x 1,5 kg",https://www-static.transgourmet.ch/public/2024-04/kw15-bgh-plant-based-kompetenzbroschuere-d.pdf,2026-08-22T12:54:01.714Z,verified_public_source,Extracted from an official public Transgourmet PDF.
007121,"Trockenfleisch Zum Rohessen. Die pflanzliche Trockenfleischalternative eignet sich als Ergän- zung auf einem Apéro-Plättli, in einem Sandwich oder Wrap oder als Topping auf einem Salat.",Outlawz,plant_based,,60,g,package,1,,,,,4.65,60 g,https://www-static.transgourmet.ch/public/2024-04/kw15-bgh-plant-based-kompetenzbroschuere-d.pdf,2026-08-22T12:54:01.714Z,partial_public_source,Extracted from an official public Transgourmet PDF.
007131,Schinkentranchen Zum Rohessen. Die pflanzliche Schinkenalternative eignet sich als Ergänzung auf einem Apéro-Plättli sowie in einem Sandwich oder Wrap.,Outlawz,plant_based,,80,g,package,1,,,,,4.98,80 g,https://www-static.transgourmet.ch/public/2024-04/kw15-bgh-plant-based-kompetenzbroschuere-d.pdf,2026-08-22T12:54:01.714Z,verified_public_source,Extracted from an official public Transgourmet PDF.
002527,Vegane Hackballs,Fredag,plant_based,,1,kg,case,5,,vegan,,,15.70,5 x 1 kg,https://www-static.transgourmet.ch/public/2024-04/kw15-bgh-plant-based-kompetenzbroschuere-d.pdf,2026-08-22T12:54:01.714Z,verified_public_source,Extracted from an official public Transgourmet PDF.
039560,It's Vegic Nuggets,Hilcona,plant_based,,1.5,kg,case,3,,,,,18.82,"3 x 1,5 kg",https://www-static.transgourmet.ch/public/2024-04/kw15-bgh-plant-based-kompetenzbroschuere-d.pdf,2026-08-22T12:54:01.714Z,verified_public_source,Extracted from an official public Transgourmet PDF.
006251,Vegan Chickeriki Nuggets Vegane Nuggets auf Soja-Basis.,The Vegetarian Butcher,plant_based,,1.75,kg,package,1,,vegan,,,36.05,"1,75 kg",https://www-static.transgourmet.ch/public/2024-04/kw15-bgh-plant-based-kompetenzbroschuere-d.pdf,2026-08-22T12:54:01.714Z,verified_public_source,Extracted from an official public Transgourmet PDF.
030570,Vegane Nuggets,Garden Gourmet,plant_based,,2,kg,case,2,,vegan,,,24.15,2 x 2 kg,https://www-static.transgourmet.ch/public/2024-04/kw15-bgh-plant-based-kompetenzbroschuere-d.pdf,2026-08-22T12:54:01.714Z,verified_public_source,Extracted from an official public Transgourmet PDF.
007141,Speckwürfel Pflanzliche Speckwürfel auf Basis von Weizenprotein.,Outlawz,plant_based,,110,g,package,1,,,,,5.43,110 g,https://www-static.transgourmet.ch/public/2024-04/kw15-bgh-plant-based-kompetenzbroschuere-d.pdf,2026-08-22T12:54:01.714Z,verified_public_source,Extracted from an official public Transgourmet PDF.
007151,"Schinkenwürfel Eignet sich hervorragend als Salat-Topping, als Alternative für eine vegane Carbonara-Sauce oder alsZu- tat in währschaften Apérogebäcken.",Outlawz,plant_based,,110,g,package,1,,vegan,,,4.82,110 g,https://www-static.transgourmet.ch/public/2024-04/kw15-bgh-plant-based-kompetenzbroschuere-d.pdf,2026-08-22T12:54:01.714Z,verified_public_source,Extracted from an official public Transgourmet PDF.
007161,"Specktranchen Pflanzliche Specktranchen auf Basis von Weizenprotein, geschnitten, zum Gekochtessen. Passen besonders gut zu einer Rösti, zum Aufpeppen eines veganen Burgers/Sandwiches oder als Ergänzung auf dem Frühstückstisch.",Outlawz,plant_based,,80,g,package,1,,,,,5.45,80 g,https://www-static.transgourmet.ch/public/2024-04/kw15-bgh-plant-based-kompetenzbroschuere-d.pdf,2026-08-22T12:54:01.714Z,partial_public_source,Extracted from an official public Transgourmet PDF.
070540,"Quorn Schnitzel nature, 55 g",Fredag,plant_based,,1,kg,case,5,,,,,22.70,5 x 1 kg,https://www-static.transgourmet.ch/public/2024-04/kw15-bgh-plant-based-kompetenzbroschuere-d.pdf,2026-08-22T12:54:01.714Z,verified_public_source,Extracted from an official public Transgourmet PDF.
016120,It's Vegic Gemüse Schnitzel,Hilcona,plant_based,,145,g,case,30,,,,,1.96,30 x 145 g,https://www-static.transgourmet.ch/public/2024-04/kw15-bgh-plant-based-kompetenzbroschuere-d.pdf,2026-08-22T12:54:01.714Z,verified_public_source,Extracted from an official public Transgourmet PDF.
039990,Schnitzel Hot n Cold paniert,The Green Mountain,plant_based,,80,g,case,40,,vegan,,,1.30,40 x 80 g,https://www-static.transgourmet.ch/public/2024-04/kw15-bgh-plant-based-kompetenzbroschuere-d.pdf,2026-08-22T12:54:01.714Z,verified_public_source,Extracted from an official public Transgourmet PDF.
038870,Schnitzel Wiener-Art,The Green Mountain,plant_based,,165,g,case,18,,,,,3.08,2 x 9 x 165 g,https://www-static.transgourmet.ch/public/2024-04/kw15-bgh-plant-based-kompetenzbroschuere-d.pdf,2026-08-22T12:54:01.714Z,verified_public_source,Extracted from an official public Transgourmet PDF.
030610,Veganes Schnitzel,Garden Gourmet,plant_based,,90,g,case,44,,vegan,,,2.35,44 x 90 g,https://www-static.transgourmet.ch/public/2024-04/kw15-bgh-plant-based-kompetenzbroschuere-d.pdf,2026-08-22T12:54:01.714Z,verified_public_source,Extracted from an official public Transgourmet PDF.
069590,Jackfruit Schnitzel,,plant_based,,1.2,kg,case,4,,vegan,,,16.90,"4 x 1,2 kg",https://www-static.transgourmet.ch/public/2024-04/kw15-bgh-plant-based-kompetenzbroschuere-d.pdf,2026-08-22T12:54:01.714Z,verified_public_source,Extracted from an official public Transgourmet PDF.
016190,It's Vegic Médaillons Blumenkohl und Käse,Hilcona,plant_based,,135,g,case,20,,,,,1.90,20 x 135 g,https://www-static.transgourmet.ch/public/2024-04/kw15-bgh-plant-based-kompetenzbroschuere-d.pdf,2026-08-22T12:54:01.714Z,verified_public_source,Extracted from an official public Transgourmet PDF.
039510,It's Vegic Ocean Sticks,Hilcona,plant_based,,1.5,kg,case,3,,,,,22.06,"3 x 1,5 kg",https://www-static.transgourmet.ch/public/2024-04/kw15-bgh-plant-based-kompetenzbroschuere-d.pdf,2026-08-22T12:54:01.714Z,verified_public_source,Extracted from an official public Transgourmet PDF.
039730,It's Vegic Schnitzel Käse,Hilcona,plant_based,,1.5,kg,case,3,,,,,23.69,"3 x 1,5 kg",https://www-static.transgourmet.ch/public/2024-04/kw15-bgh-plant-based-kompetenzbroschuere-d.pdf,2026-08-22T12:54:01.714Z,verified_public_source,Extracted from an official public Transgourmet PDF.
039740,It's Vegic Schnitzel Ricotta Spinat,Hilcona,plant_based,,1.5,kg,case,3,,,,,23.69,"3 x 1,5 kg",https://www-static.transgourmet.ch/public/2024-04/kw15-bgh-plant-based-kompetenzbroschuere-d.pdf,2026-08-22T12:54:01.714Z,verified_public_source,Extracted from an official public Transgourmet PDF.
006258,No Schnitzel paniert,The Vegetarian Butcher,plant_based,,90,g,case,20,,vegan,,,1.50,20 x 90 g,https://www-static.transgourmet.ch/public/2024-04/kw15-bgh-plant-based-kompetenzbroschuere-d.pdf,2026-08-22T12:54:01.714Z,verified_public_source,Extracted from an official public Transgourmet PDF.
004863,Gemüse Schnitzel,Fredag,plant_based,,112,g,case,36,,,,,15.50,36 x112 g,https://www-static.transgourmet.ch/public/2024-04/kw15-bgh-plant-based-kompetenzbroschuere-d.pdf,2026-08-22T12:54:01.714Z,verified_public_source,Extracted from an official public Transgourmet PDF.
030580,Vuna,Garden Gourmet,plant_based,,2,kg,case,2,,vegan,,,22.58,2 x 2 kg,https://www-static.transgourmet.ch/public/2024-04/kw15-bgh-plant-based-kompetenzbroschuere-d.pdf,2026-08-22T12:54:01.714Z,verified_public_source,Extracted from an official public Transgourmet PDF.
032100,Yellow Lentil Balls,Hilcona,plant_based,,1.5,kg,case,2,,,,,21.95,"2 x 1,5 kg",https://www-static.transgourmet.ch/public/2024-04/kw15-bgh-plant-based-kompetenzbroschuere-d.pdf,2026-08-22T12:54:01.714Z,verified_public_source,Extracted from an official public Transgourmet PDF.
039550,It's Vegic Falafel Rote Beete,Hilcona,plant_based,,1.5,kg,case,2,,vegan,,,21.45,"2 x 1,5 kg",https://www-static.transgourmet.ch/public/2024-04/kw15-bgh-plant-based-kompetenzbroschuere-d.pdf,2026-08-22T12:54:01.714Z,verified_public_source,Extracted from an official public Transgourmet PDF.
031810,Ta'ameia Falafelkugeln klein,,plant_based,,1,kg,case,2,,,,,9.58,2 x 1 kg,https://www-static.transgourmet.ch/public/2024-04/kw15-bgh-plant-based-kompetenzbroschuere-d.pdf,2026-08-22T12:54:01.714Z,verified_public_source,Extracted from an official public Transgourmet PDF.
031820,Ta'ameia Falafelkugeln vorfrittiert,,plant_based,,1,kg,case,2,,,,,15.78,2 x 1 kg,https://www-static.transgourmet.ch/public/2024-04/kw15-bgh-plant-based-kompetenzbroschuere-d.pdf,2026-08-22T12:54:01.714Z,verified_public_source,Extracted from an official public Transgourmet PDF.
039720,Balls,The Green Mountain,plant_based,,1.5,kg,case,2,,,,,23.18,"2 x 1,5 kg",https://www-static.transgourmet.ch/public/2024-04/kw15-bgh-plant-based-kompetenzbroschuere-d.pdf,2026-08-22T12:54:01.714Z,verified_public_source,Extracted from an official public Transgourmet PDF.
006235,Vegan Minced Balls,The Vegetarian Butcher,plant_based,,2,kg,package,1,,vegan,,,19.40,2 kg,https://www-static.transgourmet.ch/public/2024-04/kw15-bgh-plant-based-kompetenzbroschuere-d.pdf,2026-08-22T12:54:01.714Z,verified_public_source,Extracted from an official public Transgourmet PDF.
006081,It's Vegic Rice Thais Balls,Hilcona,plant_based,,1.5,kg,case,3,,,,,28.45,"3 x 1,5 kg",https://www-static.transgourmet.ch/public/2024-04/kw15-bgh-plant-based-kompetenzbroschuere-d.pdf,2026-08-22T12:54:01.714Z,verified_public_source,Extracted from an official public Transgourmet PDF.
038820,It's Vegic Indian Coconut Dal,Hilcona,plant_based,,1.5,kg,case,5,,vegan,,,13.89,"5 x 1,5 kg",https://www-static.transgourmet.ch/public/2024-04/kw15-bgh-plant-based-kompetenzbroschuere-d.pdf,2026-08-22T12:54:01.714Z,verified_public_source,Extracted from an official public Transgourmet PDF.
039110,It's Vegic Cous Cous Oriental,Hilcona,plant_based,,1.5,kg,case,5,,,,,12.71,"5 x 1,5 kg",https://www-static.transgourmet.ch/public/2024-04/kw15-bgh-plant-based-kompetenzbroschuere-d.pdf,2026-08-22T12:54:01.714Z,verified_public_source,Extracted from an official public Transgourmet PDF.
006262,Randen Falafel 8 kg ca.,Garden Gourmet,plant_based,,20,g,case,400,,,,,,,https://www-static.transgourmet.ch/public/2024-04/kw15-bgh-plant-based-kompetenzbroschuere-d.pdf,2026-08-22T12:54:01.714Z,verified_public_source,Extracted from an official public Transgourmet PDF.
080321,Vegetarische Frühlingsrollen 15 g,Quality,plant_based,,1,kg,package,1,,,,,11.50,1 kg,https://www-static.transgourmet.ch/public/2024-04/kw15-bgh-plant-based-kompetenzbroschuere-d.pdf,2026-08-22T12:54:01.714Z,verified_public_source,Extracted from an official public Transgourmet PDF.
080331,Vegetarische Frühlingsrollen 50 g,Quality,plant_based,,1,kg,package,1,,,,,10.70,1 kg,https://www-static.transgourmet.ch/public/2024-04/kw15-bgh-plant-based-kompetenzbroschuere-d.pdf,2026-08-22T12:54:01.714Z,verified_public_source,Extracted from an official public Transgourmet PDF.
080341,Vegetarische Samosa 20 g,Quality,plant_based,,1,kg,package,1,,,,,12.70,1 kg,https://www-static.transgourmet.ch/public/2024-04/kw15-bgh-plant-based-kompetenzbroschuere-d.pdf,2026-08-22T12:54:01.714Z,verified_public_source,Extracted from an official public Transgourmet PDF.
040173,Kartoffeln roh gesch.FK(Btl.) P.d.t.épl.ferm.cuisson (sach.) Patate pelate cru.re.co.(sac.) 0,,vegetables_fruit,,2,kg,package,1,,,,,,,https://www-static.transgourmet.ch/public/2024-12/bgh-bestellvorlage_convenience.pdf,2026-08-22T12:54:03.659Z,verified_public_source,Extracted from an official public Transgourmet PDF.
040174,Kartoffeln roh gesch.FK (Btl.) P.d.t.épl.ferm.cuisson (sach.) Patate pelate cru.re.co(sacco) 0,,vegetables_fruit,,5,kg,package,1,,,,,,,https://www-static.transgourmet.ch/public/2024-12/bgh-bestellvorlage_convenience.pdf,2026-08-22T12:54:03.659Z,verified_public_source,Extracted from an official public Transgourmet PDF.
040169,Kartoffeln roh gesch.MK (Btl.) Pom.d.terr.ent.épl.far.(sach.) Patate cru.pelate far.(sacch.) 0,,vegetables_fruit,,2,kg,package,1,,,,,,,https://www-static.transgourmet.ch/public/2024-12/bgh-bestellvorlage_convenience.pdf,2026-08-22T12:54:03.659Z,verified_public_source,Extracted from an official public Transgourmet PDF.
040171,Kartoffeln roh gesch.MK (Btl.) Pom.d.terr.ent.épl.far.(sach.) Patate cru.pelate far.(sacch.) 0,,vegetables_fruit,,5,kg,package,1,,,,,,,https://www-static.transgourmet.ch/public/2024-12/bgh-bestellvorlage_convenience.pdf,2026-08-22T12:54:03.659Z,verified_public_source,Extracted from an official public Transgourmet PDF.
040179,Kart. roh gesch.30-40mm FK 2kg P.d.t.épl.ferm.cui.30-40mm 2kg Pat.pel.cr.res.cot.30-40mm 2kg 30-40,,vegetables_fruit,,2,kg,package,1,,,,,,,https://www-static.transgourmet.ch/public/2024-12/bgh-bestellvorlage_convenience.pdf,2026-08-22T12:54:03.659Z,verified_public_source,Extracted from an official public Transgourmet PDF.
042423,Baked Potato. roh Alu (Schale) Baked Pot.crues alu (barqu.) Patate crude a.cartoc.(vasch.) 0,,vegetables_fruit,,1,kg,package,1,,,,,,,https://www-static.transgourmet.ch/public/2024-12/bgh-bestellvorlage_convenience.pdf,2026-08-22T12:54:03.659Z,verified_public_source,Extracted from an official public Transgourmet PDF.
040168,Bratkartoff.roh gesch.(Beutel) P.de terr.à rôtir éplu.(sach.) Patate per arrost.crude pelat. 25-35,,vegetables_fruit,,2,kg,package,1,,,,,,,https://www-static.transgourmet.ch/public/2024-12/bgh-bestellvorlage_convenience.pdf,2026-08-22T12:54:03.659Z,verified_public_source,Extracted from an official public Transgourmet PDF.
040005,Bratkartoffeln halbiert 5kg Moit. pommes de terre rôtir5kg Patate per arrostire metà 5kg 0,,vegetables_fruit,,5,kg,package,1,,,,,,,https://www-static.transgourmet.ch/public/2024-12/bgh-bestellvorlage_convenience.pdf,2026-08-22T12:54:03.659Z,verified_public_source,Extracted from an official public Transgourmet PDF.
040185,"Kart.Schnitz.roh ungesc.FK 5kg Pom.terre Country n.éplu.5kg Patat.spicchi, crude n.pel.5kg 0",,vegetables_fruit,,5,kg,package,1,,,,,,,https://www-static.transgourmet.ch/public/2024-12/bgh-bestellvorlage_convenience.pdf,2026-08-22T12:54:03.659Z,verified_public_source,Extracted from an official public Transgourmet PDF.
040183,"Kartoff.Schnitz.roh ges.FK 5kg Pom.terre Country épluch.5kg Patate spicchi, crude pel.5kg 0",,vegetables_fruit,,5,kg,package,1,,,,,,,https://www-static.transgourmet.ch/public/2024-12/bgh-bestellvorlage_convenience.pdf,2026-08-22T12:54:03.659Z,verified_public_source,Extracted from an official public Transgourmet PDF.
040181,Kartoff.Scheib. roh FK 3mm 5kg Pom.de terr.tran.ferm. 3mm 5kg Patate a fette res.cru.3mm 5kg 3,,vegetables_fruit,,5,kg,package,1,,,,,,,https://www-static.transgourmet.ch/public/2024-12/bgh-bestellvorlage_convenience.pdf,2026-08-22T12:54:03.659Z,verified_public_source,Extracted from an official public Transgourmet PDF.
042419,"Kartoff.Scheib. roh MK 3mm 5kg Pom.de terr.tran.far.3mm 5kg Patate a fette, cr.far.3mm 5kg 3",,vegetables_fruit,,5,kg,package,1,,,,,,,https://www-static.transgourmet.ch/public/2024-12/bgh-bestellvorlage_convenience.pdf,2026-08-22T12:54:03.659Z,verified_public_source,Extracted from an official public Transgourmet PDF.
042421,"Kartoff.Scheib. roh MK 5mm 5kg Pom.de terr.tran.far.5mm 5kg Patate a fette, far.cr.5mm 5kg 5",,vegetables_fruit,,5,kg,package,1,,,,,,,https://www-static.transgourmet.ch/public/2024-12/bgh-bestellvorlage_convenience.pdf,2026-08-22T12:54:03.659Z,verified_public_source,Extracted from an official public Transgourmet PDF.
040172,Kartoffeln Rissolée roh FK 5kg P.d.t.rissol. ferm.cuisson 5kg Patate rissolée cr.res.cot.5kg 15x15,,vegetables_fruit,,5,kg,package,1,,,,,,,https://www-static.transgourmet.ch/public/2024-12/bgh-bestellvorlage_convenience.pdf,2026-08-22T12:54:03.659Z,verified_public_source,Extracted from an official public Transgourmet PDF.
040176,Kart. Würfel FK 10x10mm 5kg Pom.d.t.cubes ferm.10x10mm 5kg Patate cub.re.cot. 10x10mm 5kg 10x10,,vegetables_fruit,,5,kg,package,1,,,,,,,https://www-static.transgourmet.ch/public/2024-12/bgh-bestellvorlage_convenience.pdf,2026-08-22T12:54:03.659Z,verified_public_source,Extracted from an official public Transgourmet PDF.
042447,Kart. Würfel MK 15x15mm 5kg Pom.d.terr.cub.far.15x15mm 5kg Patate cub.cru.far.15x15mm 5kg 15x15,,vegetables_fruit,,5,kg,package,1,,,,,,,https://www-static.transgourmet.ch/public/2024-12/bgh-bestellvorlage_convenience.pdf,2026-08-22T12:54:03.659Z,verified_public_source,Extracted from an official public Transgourmet PDF.
042451,Kart. Würfel FK 25x25mm 5kg Pom.d.t.cubes ferm.25x25mm 5kg Patate cub.re.cot.25x25mm 5kg 25x25,,vegetables_fruit,,5,kg,package,1,,,,,,,https://www-static.transgourmet.ch/public/2024-12/bgh-bestellvorlage_convenience.pdf,2026-08-22T12:54:03.659Z,verified_public_source,Extracted from an official public Transgourmet PDF.
044740,Rösti frisch 5kg Roesti frais 5kg Roesti freschi 5kg 9,,vegetables_fruit,,5,kg,package,1,,,,,,,https://www-static.transgourmet.ch/public/2024-12/bgh-bestellvorlage_convenience.pdf,2026-08-22T12:54:03.659Z,verified_public_source,Extracted from an official public Transgourmet PDF.
040155,Süsskartoffel Würfel 5kg Patate douce en cubes 5kg Patate dolci a cubetti 5kg 15x15,,vegetables_fruit,,5,kg,package,1,,,,,,,https://www-static.transgourmet.ch/public/2024-12/bgh-bestellvorlage_convenience.pdf,2026-08-22T12:54:03.659Z,verified_public_source,Extracted from an official public Transgourmet PDF.
040277,Auberginen Rissolée 1kg Aubergines rissolées 1kg Melanzane rissolée 1kg 14x14x14,,vegetables_fruit,,1,kg,package,1,,,,,,,https://www-static.transgourmet.ch/public/2024-12/bgh-bestellvorlage_convenience.pdf,2026-08-22T12:54:03.659Z,verified_public_source,Extracted from an official public Transgourmet PDF.
040472,Blumenkohl Röschen 1kg Bouquets de chou-fleur 1kg Rosette di cavolfiore 1kg 40-60,,vegetables_fruit,,1,kg,package,1,,,,,,,https://www-static.transgourmet.ch/public/2024-12/bgh-bestellvorlage_convenience.pdf,2026-08-22T12:54:03.659Z,verified_public_source,Extracted from an official public Transgourmet PDF.
040473,Blumenkohl Röschen 3kg Bouquets de chou-fleur 3kg Rosette di cavolfiore 3kg 40-60,,vegetables_fruit,,3,kg,package,1,,,,,,,https://www-static.transgourmet.ch/public/2024-12/bgh-bestellvorlage_convenience.pdf,2026-08-22T12:54:03.659Z,verified_public_source,Extracted from an official public Transgourmet PDF.
040708,Broccoli Röschen 1kg Bouquets de brocoli 1kg Rosette di broccoli 1kg 40-60,,vegetables_fruit,,1,kg,package,1,,,,,,,https://www-static.transgourmet.ch/public/2024-12/bgh-bestellvorlage_convenience.pdf,2026-08-22T12:54:03.659Z,verified_public_source,Extracted from an official public Transgourmet PDF.
040709,Broccoli Röschen 3kg Bouquets de brocoli 3kg Rosette di broccoli 3kg 40-60,,vegetables_fruit,,3,kg,package,1,,,,,,,https://www-static.transgourmet.ch/public/2024-12/bgh-bestellvorlage_convenience.pdf,2026-08-22T12:54:03.659Z,verified_public_source,Extracted from an official public Transgourmet PDF.
040878,Brunoise Mischung 500g Brunoise mélangée 500g Miscela brunoise 500g 0,,vegetables_fruit,,500,g,package,1,,,,,,,https://www-static.transgourmet.ch/public/2024-12/bgh-bestellvorlage_convenience.pdf,2026-08-22T12:54:03.659Z,verified_public_source,Extracted from an official public Transgourmet PDF.
040979,Cherry Tomat.rot halbiert 1kg Tom.cherry rouges moitié 1kg Pom.ciliegia rossi metà 1kg 0,,vegetables_fruit,,1,kg,package,1,,,,,,,https://www-static.transgourmet.ch/public/2024-12/bgh-bestellvorlage_convenience.pdf,2026-08-22T12:54:03.659Z,verified_public_source,Extracted from an official public Transgourmet PDF.
041558,Eschalotten ganz geschäl.1kg Echalotes entières épluch.1kg Scalogni interi pelati 1kg 0,,vegetables_fruit,,1,kg,package,1,,,,,,,https://www-static.transgourmet.ch/public/2024-12/bgh-bestellvorlage_convenience.pdf,2026-08-22T12:54:03.659Z,verified_public_source,Extracted from an official public Transgourmet PDF.
041560,Eschalotten gehackt 500g Echalotes hachées 500g Scalogni tritati 500g 3,,vegetables_fruit,,500,g,package,1,,,,,,,https://www-static.transgourmet.ch/public/2024-12/bgh-bestellvorlage_convenience.pdf,2026-08-22T12:54:03.659Z,verified_public_source,Extracted from an official public Transgourmet PDF.
041945,"Gemüse Julienne 300g Légumes en julienne 300g Verdure alla julienne 300g 2,4",,vegetables_fruit,,300,g,package,1,,,,,,,https://www-static.transgourmet.ch/public/2024-12/bgh-bestellvorlage_convenience.pdf,2026-08-22T12:54:03.659Z,verified_public_source,Extracted from an official public Transgourmet PDF.
041965,Gemüse Sticks gemischt 1kg Bâtonnets légumes mélangés 1kg Verdura in stick mista 1kg 0,,vegetables_fruit,,1,kg,package,1,,,,,,,https://www-static.transgourmet.ch/public/2024-12/bgh-bestellvorlage_convenience.pdf,2026-08-22T12:54:03.659Z,verified_public_source,Extracted from an official public Transgourmet PDF.
041932,Gemüsemisch. Mirepoix hell 1kg Mél.légumes Mirepoix clair 1kg Misc.verd.Mirepoix chiaro 1kg 20x20,,vegetables_fruit,,1,kg,package,1,,,,,,,https://www-static.transgourmet.ch/public/2024-12/bgh-bestellvorlage_convenience.pdf,2026-08-22T12:54:03.659Z,verified_public_source,Extracted from an official public Transgourmet PDF.
041930,Gemüsemischung Mirepoix 1kg Mél. de légumes Mirepoix 1kg Miscela d.verdure Mirepoix 1kg 20x20,,vegetables_fruit,,1,kg,package,1,,,,,,,https://www-static.transgourmet.ch/public/2024-12/bgh-bestellvorlage_convenience.pdf,2026-08-22T12:54:03.659Z,verified_public_source,Extracted from an official public Transgourmet PDF.
041938,Gemüsemischung Paysanne 1kg Mél. de légumes paysanne 1kg Miscela verdure contadina 1kg 10,,vegetables_fruit,,1,kg,package,1,,,,,,,https://www-static.transgourmet.ch/public/2024-12/bgh-bestellvorlage_convenience.pdf,2026-08-22T12:54:03.659Z,verified_public_source,Extracted from an official public Transgourmet PDF.
041971,Gemüsespiess (8 Stk.) Brochette de légumes (8 pcs) Spiedini di verdure (8 pz.) 0,,vegetables_fruit,,880,g,package,1,,,,,,,https://www-static.transgourmet.ch/public/2024-12/bgh-bestellvorlage_convenience.pdf,2026-08-22T12:54:03.659Z,verified_public_source,Extracted from an official public Transgourmet PDF.
042102,Gurken Scheiben ungeschält 1kg Concombres rondel.n.épluch.1kg Cetriolo a fette non pelat.1kg 3,,vegetables_fruit,,1,kg,package,1,,,,,,,https://www-static.transgourmet.ch/public/2024-12/bgh-bestellvorlage_convenience.pdf,2026-08-22T12:54:03.659Z,verified_public_source,Extracted from an official public Transgourmet PDF.
042104,Gurken Halbmond 1kg Concombre demi-lune 1kg Cetriolini mezzaluna 1kg 0,,vegetables_fruit,,1,kg,package,1,,,,,,,https://www-static.transgourmet.ch/public/2024-12/bgh-bestellvorlage_convenience.pdf,2026-08-22T12:54:03.659Z,verified_public_source,Extracted from an official public Transgourmet PDF.
042294,Kabis rot Julienne grob 3kg Chou rouge julienne gros 3kg Cavolo rosso julienne gros.3kg 5,,vegetables_fruit,,3,kg,package,1,,,,,,,https://www-static.transgourmet.ch/public/2024-12/bgh-bestellvorlage_convenience.pdf,2026-08-22T12:54:03.659Z,verified_public_source,Extracted from an official public Transgourmet PDF.
042406,Karotten Schuppen 5kg Carottes coup. en diamant 5kg Carote tagliate diamante 5kg 0,,vegetables_fruit,,5,kg,package,1,,,,,,,https://www-static.transgourmet.ch/public/2024-12/bgh-bestellvorlage_convenience.pdf,2026-08-22T12:54:03.659Z,verified_public_source,Extracted from an official public Transgourmet PDF.
042391,Karotten-Pfälzer Schuppen 5kg Carottes jau.coup.diamant 5kg Carote gialle tagl.diamant.5kg 0,,vegetables_fruit,,5,kg,package,1,,,,,,,https://www-static.transgourmet.ch/public/2024-12/bgh-bestellvorlage_convenience.pdf,2026-08-22T12:54:03.659Z,verified_public_source,Extracted from an official public Transgourmet PDF.
042395,Karotten-Pfälzer Würfel 5kg Carottes jaunes en cubes 5kg Carote gialle a cubetti 5kg 15x15,,vegetables_fruit,,5,kg,package,1,,,,,,,https://www-static.transgourmet.ch/public/2024-12/bgh-bestellvorlage_convenience.pdf,2026-08-22T12:54:03.659Z,verified_public_source,Extracted from an official public Transgourmet PDF.
042593,"Knoblauch ganz geschält 1kg Ail entier épluché 1kg Aglio intero, pulito 1kg 0",,vegetables_fruit,,1,kg,package,1,,,,,,,https://www-static.transgourmet.ch/public/2024-12/bgh-bestellvorlage_convenience.pdf,2026-08-22T12:54:03.659Z,verified_public_source,Extracted from an official public Transgourmet PDF.
042592,"Knoblauch Ori.ganz geschäl.1kg Ail ori. entier épluché, 1 kg Aglio ori. intero pulito, 1 kg 0",,vegetables_fruit,,1,kg,package,1,,,,,,,https://www-static.transgourmet.ch/public/2024-12/bgh-bestellvorlage_convenience.pdf,2026-08-22T12:54:03.659Z,verified_public_source,Extracted from an official public Transgourmet PDF.
042596,Knoblauch ganz geschält 500g Ail entier épluché 500g Aglio intero pulito 500g 0,,vegetables_fruit,,500,g,package,1,,,,,,,https://www-static.transgourmet.ch/public/2024-12/bgh-bestellvorlage_convenience.pdf,2026-08-22T12:54:03.659Z,verified_public_source,Extracted from an official public Transgourmet PDF.
042598,Knoblauch gehackt 1kg Ail haché 1kg Aglio tritato 1kg 0,,vegetables_fruit,,1,kg,package,1,,,,,,,https://www-static.transgourmet.ch/public/2024-12/bgh-bestellvorlage_convenience.pdf,2026-08-22T12:54:03.659Z,verified_public_source,Extracted from an official public Transgourmet PDF.
042597,Knoblauch gehackt 200g Ail haché 200g Aglio tritato 200g 0,,vegetables_fruit,,200,g,package,1,,,,,,,https://www-static.transgourmet.ch/public/2024-12/bgh-bestellvorlage_convenience.pdf,2026-08-22T12:54:03.659Z,verified_public_source,Extracted from an official public Transgourmet PDF.
042962,Kürbis geschält 1kg Courge épluchée 1kg Zucca pelata 1kg 0,,vegetables_fruit,,1,kg,package,1,,,,,,,https://www-static.transgourmet.ch/public/2024-12/bgh-bestellvorlage_convenience.pdf,2026-08-22T12:54:03.659Z,verified_public_source,Extracted from an official public Transgourmet PDF.
042969,Kürbis Rissolée 3kg Courge rissolée 3kg Zucca rissolée 3kg 14x14x14,,vegetables_fruit,,3,kg,package,1,,,,,,,https://www-static.transgourmet.ch/public/2024-12/bgh-bestellvorlage_convenience.pdf,2026-08-22T12:54:03.659Z,verified_public_source,Extracted from an official public Transgourmet PDF.
042972,Kürbis Stängeli 1kg Courge en bâtonnets 1kg Zucca a bastoncini 1kg 8x8x50,,vegetables_fruit,,1,kg,package,1,,,,,,,https://www-static.transgourmet.ch/public/2024-12/bgh-bestellvorlage_convenience.pdf,2026-08-22T12:54:03.659Z,verified_public_source,Extracted from an official public Transgourmet PDF.
043294,Lauch Ringe 5mm 3kg Poireaux rondelles 5mm 3kg Porro a rondelle 5mm 3kg 5,,vegetables_fruit,,3,kg,package,1,,,,,,,https://www-static.transgourmet.ch/public/2024-12/bgh-bestellvorlage_convenience.pdf,2026-08-22T12:54:03.659Z,verified_public_source,Extracted from an official public Transgourmet PDF.
043577,Minestrone 500g Minestrone 500g Minestrone 500g 0,,vegetables_fruit,,500,g,package,1,,,,,,,https://www-static.transgourmet.ch/public/2024-12/bgh-bestellvorlage_convenience.pdf,2026-08-22T12:54:03.659Z,verified_public_source,Extracted from an official public Transgourmet PDF.
041142,Peperoni farbig Rissolée 1kg Poivrons multicol.rissolés 1kg Peperoni colorati rissolés 1kg 14x14x14,,vegetables_fruit,,1,kg,package,1,,,,,,,https://www-static.transgourmet.ch/public/2024-12/bgh-bestellvorlage_convenience.pdf,2026-08-22T12:54:03.659Z,verified_public_source,Extracted from an official public Transgourmet PDF.
041141,Peperoni farbig Russisch 1kg Poivrons multicol. russe 1kg Peperoni colorati a.russa 1kg 8x8x8,,vegetables_fruit,,1,kg,package,1,,,,,,,https://www-static.transgourmet.ch/public/2024-12/bgh-bestellvorlage_convenience.pdf,2026-08-22T12:54:03.659Z,verified_public_source,Extracted from an official public Transgourmet PDF.
044138,Peperoni farbig Streifen 1kg Poivrons multicol.julienne 1kg Peperoni colorati julienne 1kg 0,,vegetables_fruit,,1,kg,package,1,,,,,,,https://www-static.transgourmet.ch/public/2024-12/bgh-bestellvorlage_convenience.pdf,2026-08-22T12:54:03.659Z,verified_public_source,Extracted from an official public Transgourmet PDF.
044080,Peperoni rot Rissolée 1kg Poivrons rouges rissolés 1kg Peperoni rossi rissolés 1kg 14x14x14,,vegetables_fruit,,1,kg,package,1,,,,,,,https://www-static.transgourmet.ch/public/2024-12/bgh-bestellvorlage_convenience.pdf,2026-08-22T12:54:03.659Z,verified_public_source,Extracted from an official public Transgourmet PDF.
044176,Petersilie gehackt 100g Persil haché 100g Prezzemolo tritato 100g 0,,vegetables_fruit,,100,g,package,1,,,,,,,https://www-static.transgourmet.ch/public/2024-12/bgh-bestellvorlage_convenience.pdf,2026-08-22T12:54:03.659Z,verified_public_source,Extracted from an official public Transgourmet PDF.
044199,Pot-au-feu geschnitten 500g Pot-au-feu coupé 500g Pot-au-feu tagliato 500g 0,,vegetables_fruit,,500,kg,package,1,,,,,,,https://www-static.transgourmet.ch/public/2024-12/bgh-bestellvorlage_convenience.pdf,2026-08-22T12:54:03.659Z,verified_public_source,Extracted from an official public Transgourmet PDF.
044270,Radiesli Scheiben 3mm 500g Radis en rondelles 3mm 500g Ravanelli a fette 3mm 500g 3,,vegetables_fruit,,500,g,package,1,,,,,,,https://www-static.transgourmet.ch/public/2024-12/bgh-bestellvorlage_convenience.pdf,2026-08-22T12:54:03.659Z,verified_public_source,Extracted from an official public Transgourmet PDF.
044382,Ratatouille 1kg Ratatouille 1kg Ratatouille 1kg 18,,vegetables_fruit,,1,kg,package,1,,,,,,,https://www-static.transgourmet.ch/public/2024-12/bgh-bestellvorlage_convenience.pdf,2026-08-22T12:54:03.659Z,verified_public_source,Extracted from an official public Transgourmet PDF.
044572,Rüebkohl/Kohlra. Rissolée 1kg Chou-pomme rissolé 1kg Cavolo rapa rissolée 1kg 14x14x14,,vegetables_fruit,,1,kg,package,1,,,,,,,https://www-static.transgourmet.ch/public/2024-12/bgh-bestellvorlage_convenience.pdf,2026-08-22T12:54:03.659Z,verified_public_source,Extracted from an official public Transgourmet PDF.
044574,Rüebkohl/Kohlra. Stängeli 1kg Chou-pomme en bâtonnets 1kg Cavolo rapa a bastoncini 1kg 8x8x50,,vegetables_fruit,,1,kg,package,1,,,,,,,https://www-static.transgourmet.ch/public/2024-12/bgh-bestellvorlage_convenience.pdf,2026-08-22T12:54:03.659Z,verified_public_source,Extracted from an official public Transgourmet PDF.
044575,Rüebkohl/Kohlra. Stängeli 3kg Chou-pomme en bâtonnets 3kg Cavolo rapa a bastoncini 3kg 8x8x50,,vegetables_fruit,,5,kg,package,1,,,,,,,https://www-static.transgourmet.ch/public/2024-12/bgh-bestellvorlage_convenience.pdf,2026-08-22T12:54:03.659Z,verified_public_source,Extracted from an official public Transgourmet PDF.
044571,Rüebkohl/Kohlra.ganz gesch.3kg Chou-pomme entier épluché 3kg Cavolo rapa intero pelato 3kg 0,,vegetables_fruit,,5,kg,package,1,,,,,,,https://www-static.transgourmet.ch/public/2024-12/bgh-bestellvorlage_convenience.pdf,2026-08-22T12:54:03.659Z,verified_public_source,Extracted from an official public Transgourmet PDF.
044641,Rüebli Brunoise 3kg Carottes brunoise 3kg Carote a brunoise 3kg 5x5,,vegetables_fruit,,3,kg,package,1,,,,,,,https://www-static.transgourmet.ch/public/2024-12/bgh-bestellvorlage_convenience.pdf,2026-08-22T12:54:03.659Z,verified_public_source,Extracted from an official public Transgourmet PDF.
044689,Rüebli ganz geschält 2 kg Carottes entières épluch. 2 kg Carote intere pelate 2 kg 0,,vegetables_fruit,,2,kg,package,1,,,,,,,https://www-static.transgourmet.ch/public/2024-12/bgh-bestellvorlage_convenience.pdf,2026-08-22T12:54:03.659Z,verified_public_source,Extracted from an official public Transgourmet PDF.
044688,Rüebli ganz geschält 5 kg Carottes entières épluch. 5 kg Carote intere pelate 5 kg 0,,vegetables_fruit,,5,kg,package,1,,,,,,,https://www-static.transgourmet.ch/public/2024-12/bgh-bestellvorlage_convenience.pdf,2026-08-22T12:54:03.659Z,verified_public_source,Extracted from an official public Transgourmet PDF.
042412,"Bio Rüebli Julienne 250g Bio Carottes en julienne 250g Bio Carote alla julienne 250g 1,6",,vegetables_fruit,,250,g,package,1,,,,,,,https://www-static.transgourmet.ch/public/2024-12/bgh-bestellvorlage_convenience.pdf,2026-08-22T12:54:03.659Z,verified_public_source,Extracted from an official public Transgourmet PDF.
044685,"Rüebli Julienne Grobschn. 1kg Carottes julien.coup. gros 1kg Carote julienne tagl.gros.1kg 2,5",,vegetables_fruit,,1,kg,package,1,,,,,,,https://www-static.transgourmet.ch/public/2024-12/bgh-bestellvorlage_convenience.pdf,2026-08-22T12:54:03.659Z,verified_public_source,Extracted from an official public Transgourmet PDF.
044651,Rüebli Scheiben Vichy 5kg Carottes rondelles Vichy 5kg Carote a fette Vichy 5kg 4,,vegetables_fruit,,5,kg,package,1,,,,,,,https://www-static.transgourmet.ch/public/2024-12/bgh-bestellvorlage_convenience.pdf,2026-08-22T12:54:03.659Z,verified_public_source,Extracted from an official public Transgourmet PDF.
044683,Rüebli Stäbchen 1kg Carottes en bâtonnets 1kg Bastoncini di carote 1kg 8x8x50,,vegetables_fruit,,1,kg,package,1,,,,,,,https://www-static.transgourmet.ch/public/2024-12/bgh-bestellvorlage_convenience.pdf,2026-08-22T12:54:03.659Z,verified_public_source,Extracted from an official public Transgourmet PDF.
044653,Rüebli Würfel 5kg Carottes en cubes 5kg Carote a cubetti 5kg 15x15,,vegetables_fruit,,5,kg,package,1,,,,,,,https://www-static.transgourmet.ch/public/2024-12/bgh-bestellvorlage_convenience.pdf,2026-08-22T12:54:03.659Z,verified_public_source,Extracted from an official public Transgourmet PDF.
054250,"GGAP Lachs Medaillon, mit Haut, grätenarm, Zucht, Norwegen (70 g, 90 g, 110 g, 130 g, 150 g, 170 g,",,fish_seafood,,190,g,package,1,,,,,,,https://www-static.transgourmet.ch/public/2024-07/2024_1187_tg-care_kompetenz_fisch_d.pdf,2026-08-22T12:54:05.471Z,verified_public_source,Extracted from an official public Transgourmet PDF.
054280,"GGAP Lachs Medaillon, ohne Haut, grätenarm, Zucht, Norwegen (70 g, 90 g, 110 g, 130 g, 150 g, 170 g,",,fish_seafood,,190,g,package,1,,,,,,,https://www-static.transgourmet.ch/public/2024-07/2024_1187_tg-care_kompetenz_fisch_d.pdf,2026-08-22T12:54:05.471Z,verified_public_source,Extracted from an official public Transgourmet PDF.
054401,"MSC Dorsch Filet Royal, Portion, ohne Haut, Wild, FAO 27 (90 g,",,fish_seafood,,150,g,package,1,,,,,,,https://www-static.transgourmet.ch/public/2024-07/2024_1187_tg-care_kompetenz_fisch_d.pdf,2026-08-22T12:54:05.471Z,verified_public_source,Extracted from an official public Transgourmet PDF.
054411,"MSC Seelachs Filet Royal, ohne Haut, Wild, FAO 27 (90 g,",,fish_seafood,,130,g,package,1,,,,,,,https://www-static.transgourmet.ch/public/2024-07/2024_1187_tg-care_kompetenz_fisch_d.pdf,2026-08-22T12:54:05.471Z,verified_public_source,Extracted from an official public Transgourmet PDF.
054301,"Lachsforelle Filet, mit Haut, grätenarm, Zucht, Italien (",,fish_seafood,,90,g,package,1,,,,,,,https://www-static.transgourmet.ch/public/2024-07/2024_1187_tg-care_kompetenz_fisch_d.pdf,2026-08-22T12:54:05.471Z,verified_public_source,Extracted from an official public Transgourmet PDF.
054441,"Forelle Filetm, mit Haut, grätenarm, Zucht, Italien (",,fish_seafood,,90,g,package,1,,,,,,,https://www-static.transgourmet.ch/public/2024-07/2024_1187_tg-care_kompetenz_fisch_d.pdf,2026-08-22T12:54:05.471Z,verified_public_source,Extracted from an official public Transgourmet PDF.
068662,"Pangasius Filet, ca. 140–160 g, Glasur ca. 10 %, ohne Zusatzstoffe, Zucht, Vietnam, tiefgekühlt,",Quality,fish_seafood,,3,kg,package,1,,,,,,,https://www-static.transgourmet.ch/public/2024-07/2024_1187_tg-care_kompetenz_fisch_d.pdf,2026-08-22T12:54:05.471Z,verified_public_source,Extracted from an official public Transgourmet PDF.
068760,"ASC Tilapia Rückenfilet, ca. 80–120 g, Glasur ca. 10%, ohne Zusatzstoffe, Zucht, China, tiefgekühlt,",Quality,fish_seafood,,1,kg,case,5,,,,,,,https://www-static.transgourmet.ch/public/2024-07/2024_1187_tg-care_kompetenz_fisch_d.pdf,2026-08-22T12:54:05.471Z,verified_public_source,Extracted from an official public Transgourmet PDF.
067510,"ASC Lachs Medaillon, ohne Haut, grätenarm, ca. 140–160 g, Zucht, Färöer, tiefgekühlt,",,fish_seafood,,5,kg,package,1,,,,,,,https://www-static.transgourmet.ch/public/2024-07/2024_1187_tg-care_kompetenz_fisch_d.pdf,2026-08-22T12:54:05.471Z,verified_public_source,Extracted from an official public Transgourmet PDF.
060370,"ASC Saibling Portionen, mit Haut, grätenarm ca. 150–180 g, Zucht, Island, tiefgekühlt,",,fish_seafood,,1,kg,case,5,,,,,,,https://www-static.transgourmet.ch/public/2024-07/2024_1187_tg-care_kompetenz_fisch_d.pdf,2026-08-22T12:54:05.471Z,verified_public_source,Extracted from an official public Transgourmet PDF.
067090,"GGAP Lachsforellen Filet, mit Haut, grätenarm, ca. 130–150 g, Zucht, Türkei, tiefgekühlt,",,fish_seafood,,5,kg,package,1,,,,,,,https://www-static.transgourmet.ch/public/2024-07/2024_1187_tg-care_kompetenz_fisch_d.pdf,2026-08-22T12:54:05.471Z,verified_public_source,Extracted from an official public Transgourmet PDF.
002013,"MSC Seelachs Filet Royal ohne Haut, ca. 140–160 g, Wild, FAO 27, tiefgekühlt,",,fish_seafood,,5,kg,package,1,,,,,,,https://www-static.transgourmet.ch/public/2024-07/2024_1187_tg-care_kompetenz_fisch_d.pdf,2026-08-22T12:54:05.471Z,verified_public_source,Extracted from an official public Transgourmet PDF.
068780,"MSC Schellfisch Loins, ohne Haut, ca. 100–120 g, Wild, FAO 27, tiefgekühlt,",,fish_seafood,,1,kg,case,5,,,,,,,https://www-static.transgourmet.ch/public/2024-07/2024_1187_tg-care_kompetenz_fisch_d.pdf,2026-08-22T12:54:05.471Z,verified_public_source,Extracted from an official public Transgourmet PDF.
060460,"MSC Kabeljau Royal, ca. 140–160 g, Wild, FAO 27, tiefgekühlt,",,fish_seafood,,1,kg,case,5,,,,,,,https://www-static.transgourmet.ch/public/2024-07/2024_1187_tg-care_kompetenz_fisch_d.pdf,2026-08-22T12:54:05.471Z,verified_public_source,Extracted from an official public Transgourmet PDF.
080420,"ASC Goldbrassen Filet, mit Haut, grätenarm, ca. 90–120 g, Zucht, Türkei, tiefgekühlt,",,fish_seafood,,5,kg,package,1,,,,,,,https://www-static.transgourmet.ch/public/2024-07/2024_1187_tg-care_kompetenz_fisch_d.pdf,2026-08-22T12:54:05.471Z,verified_public_source,Extracted from an official public Transgourmet PDF.
060390,"MSC Hoki Müllerin Art, Wild, FAO 41/81, tiefgekühlt,",,fish_seafood,,1.8,kg,case,3,,,,,,,https://www-static.transgourmet.ch/public/2024-07/2024_1187_tg-care_kompetenz_fisch_d.pdf,2026-08-22T12:54:05.471Z,verified_public_source,Extracted from an official public Transgourmet PDF.
069740,"069740, MSC Kibbeling, in Knusperbackteig, Wild, FAO 61/67, tiefgekühlt,",,fish_seafood,,1,kg,case,6,,,,,,,https://www-static.transgourmet.ch/public/2024-07/2024_1187_tg-care_kompetenz_fisch_d.pdf,2026-08-22T12:54:05.471Z,verified_public_source,Extracted from an official public Transgourmet PDF.
068510,"MSC Alaska Seelachs Filet, im Backteig, 170 g, Wild, FAO 61/67, tiefgekühlt,",,fish_seafood,,6,kg,package,1,,,,,,,https://www-static.transgourmet.ch/public/2024-07/2024_1187_tg-care_kompetenz_fisch_d.pdf,2026-08-22T12:54:05.471Z,verified_public_source,Extracted from an official public Transgourmet PDF.
002031,"MSC Schollenfilet, paniert, vorfrittiert, ca. 140–160 g, Wild, FAO 27, tiefgekühlt,",,fish_seafood,,5,kg,package,1,,,,,,,https://www-static.transgourmet.ch/public/2024-07/2024_1187_tg-care_kompetenz_fisch_d.pdf,2026-08-22T12:54:05.471Z,verified_public_source,Extracted from an official public Transgourmet PDF.
002213,"002013 MSC Seelachs Filet, paniert, frittiert, ca. 140–60 g, Wild, FAO 27, tiefgekühlt,",,fish_seafood,,5,kg,package,1,,,,,,,https://www-static.transgourmet.ch/public/2024-07/2024_1187_tg-care_kompetenz_fisch_d.pdf,2026-08-22T12:54:05.471Z,verified_public_source,Extracted from an official public Transgourmet PDF.
069711,"MSC Alaska Seelachs Filet Cornflakes Panade, 160 g, Wild, FAO 67/61, tiefgekühlt,",,fish_seafood,,6,kg,package,1,,,,,,,https://www-static.transgourmet.ch/public/2024-07/2024_1187_tg-care_kompetenz_fisch_d.pdf,2026-08-22T12:54:05.471Z,verified_public_source,Extracted from an official public Transgourmet PDF.
068587,"MSC Quality Schlemmerfilet Bordelaise, 160 g, Wild, FAO 61/67, tiefgekühlt,",,fish_seafood,,4.8,kg,package,1,,,,,,,https://www-static.transgourmet.ch/public/2024-07/2024_1187_tg-care_kompetenz_fisch_d.pdf,2026-08-22T12:54:05.471Z,verified_public_source,Extracted from an official public Transgourmet PDF.
067650,"ASC Pangasius Knusperli, im Bierteig, Zucht, Vietnam,",Quality,fish_seafood,,1,kg,case,5,,,,,,,https://www-static.transgourmet.ch/public/2024-07/2024_1187_tg-care_kompetenz_fisch_d.pdf,2026-08-22T12:54:05.471Z,verified_public_source,Extracted from an official public Transgourmet PDF.
068861,"Egli Filet, im Bierteig, ca. 20–30 g, Wild, FAO 04/05, tiefgekühlt,",,fish_seafood,,5,kg,package,1,,,,,,,https://www-static.transgourmet.ch/public/2024-07/2024_1187_tg-care_kompetenz_fisch_d.pdf,2026-08-22T12:54:05.471Z,verified_public_source,Extracted from an official public Transgourmet PDF.
069990,"Crevetten Black Tiger, geschält, entdarmt, 26/30, Glasur ca. 20 %, ohne Zusatzstoffe, Zucht, Vietnam, tiefgeühlt,",Quality,fish_seafood,,1,kg,case,10,,,,,,,https://www-static.transgourmet.ch/public/2024-07/2024_1187_tg-care_kompetenz_fisch_d.pdf,2026-08-22T12:54:05.471Z,verified_public_source,Extracted from an official public Transgourmet PDF.
068180,"Bio Mangroven Crevetten, Black Tiger, easy peel, entdarmt, 13/15, Zucht, Vietnam, tiefgekühlt,",Natura,fish_seafood,,1,kg,case,10,,,,,,,https://www-static.transgourmet.ch/public/2024-07/2024_1187_tg-care_kompetenz_fisch_d.pdf,2026-08-22T12:54:05.471Z,verified_public_source,Extracted from an official public Transgourmet PDF.
060480,"MSC Cocktail Crevetten, gekocht, 200/300, Wild, FAO 21/27, tiefgekühlt,",,fish_seafood,,1,kg,case,4,,,,,,,https://www-static.transgourmet.ch/public/2024-07/2024_1187_tg-care_kompetenz_fisch_d.pdf,2026-08-22T12:54:05.471Z,verified_public_source,Extracted from an official public Transgourmet PDF.
068730,"Meeresfrüchte Cocktail, blanchiert, Glasur ca. 20 %, tiefgekühlt,",Quality,fish_seafood,,1,kg,case,6,,,,,,,https://www-static.transgourmet.ch/public/2024-07/2024_1187_tg-care_kompetenz_fisch_d.pdf,2026-08-22T12:54:05.471Z,verified_public_source,Extracted from an official public Transgourmet PDF.
069640,"ASC Panierte Torpedo Garnelen, Zucht, Vietnam, tiefgekühlt,",Quality,fish_seafood,,1,kg,case,6,,,,,,,https://www-static.transgourmet.ch/public/2024-07/2024_1187_tg-care_kompetenz_fisch_d.pdf,2026-08-22T12:54:05.471Z,verified_public_source,Extracted from an official public Transgourmet PDF.
003660,"MSC Crevetten in Lake, Wild, FAO 21/27,",,fish_seafood,,900,g,package,1,,,,,,,https://www-static.transgourmet.ch/public/2024-07/2024_1187_tg-care_kompetenz_fisch_d.pdf,2026-08-22T12:54:05.471Z,verified_public_source,Extracted from an official public Transgourmet PDF.
002188,"Weiderind-Voressen, 15–20 g,",Origine,meat_poultry,,5,kg,package,1,,,,,,,https://www-static.transgourmet.ch/public/2024-03/2024_0062_tg-care_kompetenz_fleisch_d_94986_1.pdf,2026-08-22T12:54:07.146Z,verified_public_source,Extracted from an official public Transgourmet PDF.
002191,"Kalbs-Voressen, mager, 15–20 g,",,meat_poultry,,5,kg,package,1,,,,,,,https://www-static.transgourmet.ch/public/2024-03/2024_0062_tg-care_kompetenz_fleisch_d_94986_1.pdf,2026-08-22T12:54:07.146Z,verified_public_source,Extracted from an official public Transgourmet PDF.
002203,"Schweins-Voressen, 15–20 g,",,meat_poultry,,5,kg,package,1,,,,,,,https://www-static.transgourmet.ch/public/2024-03/2024_0062_tg-care_kompetenz_fleisch_d_94986_1.pdf,2026-08-22T12:54:07.146Z,verified_public_source,Extracted from an official public Transgourmet PDF.
001142,"Rinds-Suppengulasch, geschnitten,",,meat_poultry,,1,kg,package,1,,,,,,,https://www-static.transgourmet.ch/public/2024-03/2024_0062_tg-care_kompetenz_fleisch_d_94986_1.pdf,2026-08-22T12:54:07.146Z,verified_public_source,Extracted from an official public Transgourmet PDF.
002616,"Lammschulter-Voressen, 15–20 g,",,meat_poultry,,1,kg,package,1,,,,,,,https://www-static.transgourmet.ch/public/2024-03/2024_0062_tg-care_kompetenz_fleisch_d_94986_1.pdf,2026-08-22T12:54:07.146Z,verified_public_source,Extracted from an official public Transgourmet PDF.
001276,"Kalbs-Schulterbraten von Hand gebunden,",,meat_poultry,,1.5,kg,package,1,,,,,,,https://www-static.transgourmet.ch/public/2024-03/2024_0062_tg-care_kompetenz_fleisch_d_94986_1.pdf,2026-08-22T12:54:07.146Z,verified_public_source,Extracted from an official public Transgourmet PDF.
001751,"Rinds-Sauerbraten mit Beize II,",,meat_poultry,,10,kg,package,1,,,,,,,https://www-static.transgourmet.ch/public/2024-03/2024_0062_tg-care_kompetenz_fleisch_d_94986_1.pdf,2026-08-22T12:54:07.146Z,verified_public_source,Extracted from an official public Transgourmet PDF.
001411,"Lamm Gigot gerollt, Schweiz",,meat_poultry,,1,kg,package,1,,,,,,,https://www-static.transgourmet.ch/public/2024-03/2024_0062_tg-care_kompetenz_fleisch_d_94986_1.pdf,2026-08-22T12:54:07.146Z,verified_public_source,Extracted from an official public Transgourmet PDF.
001283,"Kalbs-Brust, Rollbraten,",,meat_poultry,,1.4,kg,package,1,,,,,,,https://www-static.transgourmet.ch/public/2024-03/2024_0062_tg-care_kompetenz_fleisch_d_94986_1.pdf,2026-08-22T12:54:07.146Z,verified_public_source,Extracted from an official public Transgourmet PDF.
002502,"Swiss Quality Beef Schulterfilet Braten,",,meat_poultry,,1.2,kg,package,1,,,,,,,https://www-static.transgourmet.ch/public/2024-03/2024_0062_tg-care_kompetenz_fleisch_d_94986_1.pdf,2026-08-22T12:54:07.146Z,verified_public_source,Extracted from an official public Transgourmet PDF.
001412,"Lamm Gigot ohne Bein, hohl entbeint,",,meat_poultry,,2.3,kg,package,1,,,,,,,https://www-static.transgourmet.ch/public/2024-03/2024_0062_tg-care_kompetenz_fleisch_d_94986_1.pdf,2026-08-22T12:54:07.146Z,verified_public_source,Extracted from an official public Transgourmet PDF.
001382,"Schweins-Halsbraten, längs halbiert, gebunden,",,meat_poultry,,2.2,kg,package,1,,,,,,,https://www-static.transgourmet.ch/public/2024-03/2024_0062_tg-care_kompetenz_fleisch_d_94986_1.pdf,2026-08-22T12:54:07.146Z,verified_public_source,Extracted from an official public Transgourmet PDF.
001758,"Schweins-Hals, Schwedenbraten, längs halbiert,",,meat_poultry,,2.4,kg,package,1,,,,,,,https://www-static.transgourmet.ch/public/2024-03/2024_0062_tg-care_kompetenz_fleisch_d_94986_1.pdf,2026-08-22T12:54:07.146Z,verified_public_source,Extracted from an official public Transgourmet PDF.
080822,"Schweins-Rippli geräucht,",Quality,meat_poultry,,1.5,kg,package,1,,,,,,,https://www-static.transgourmet.ch/public/2024-03/2024_0062_tg-care_kompetenz_fleisch_d_94986_1.pdf,2026-08-22T12:54:07.146Z,verified_public_source,Extracted from an official public Transgourmet PDF.
001759,"Schweins-Hals, Tessiner Braten, längs halbiert,",,meat_poultry,,2.7,kg,package,1,,,,,,,https://www-static.transgourmet.ch/public/2024-03/2024_0062_tg-care_kompetenz_fleisch_d_94986_1.pdf,2026-08-22T12:54:07.146Z,verified_public_source,Extracted from an official public Transgourmet PDF.
001750,"Schweins-Hals, Walliser Braten,",,meat_poultry,,2.5,kg,package,1,,,,,,,https://www-static.transgourmet.ch/public/2024-03/2024_0062_tg-care_kompetenz_fleisch_d_94986_1.pdf,2026-08-22T12:54:07.146Z,verified_public_source,Extracted from an official public Transgourmet PDF.
081523,"Schweins-Hals geräucht, ohne Bein,",Quality,meat_poultry,,2,kg,package,1,,,,,,,https://www-static.transgourmet.ch/public/2024-03/2024_0062_tg-care_kompetenz_fleisch_d_94986_1.pdf,2026-08-22T12:54:07.146Z,verified_public_source,Extracted from an official public Transgourmet PDF.
061495,"Poulet Crispy Schnitzel, geformt, paniert, frittiert, tiefgekühlt,",Economy,meat_poultry,,125,g,case,32,,,,,,,https://www-static.transgourmet.ch/public/2024-03/2024_0062_tg-care_kompetenz_fleisch_d_94986_1.pdf,2026-08-22T12:54:07.146Z,verified_public_source,Extracted from an official public Transgourmet PDF.
072150,"Poulet Cordon bleu, geformt, paniert, frittiert, tiefgekühlt,",Quality,meat_poultry,,150,g,case,40,,,,,,,https://www-static.transgourmet.ch/public/2024-03/2024_0062_tg-care_kompetenz_fleisch_d_94986_1.pdf,2026-08-22T12:54:07.146Z,verified_public_source,Extracted from an official public Transgourmet PDF.
061496,"Chicken Nuggets, geformt, paniert, frittiert, tiefgekühlt,",Economy,meat_poultry,,2.5,kg,case,2,,,,,,,https://www-static.transgourmet.ch/public/2024-03/2024_0062_tg-care_kompetenz_fleisch_d_94986_1.pdf,2026-08-22T12:54:07.146Z,verified_public_source,Extracted from an official public Transgourmet PDF.
065360,"Poulet Schenkel Mini Cordon-bleu, 4 x 10 x 80–",,meat_poultry,,100,g,package,1,,,,,,,https://www-static.transgourmet.ch/public/2024-03/2024_0062_tg-care_kompetenz_fleisch_d_94986_1.pdf,2026-08-22T12:54:07.146Z,verified_public_source,Extracted from an official public Transgourmet PDF.
061620,"Bell Poulet Meatballs gegart, tiefgekühlt, 16-18 g,",,meat_poultry,,2,kg,case,3,,,,,,,https://www-static.transgourmet.ch/public/2024-03/2024_0062_tg-care_kompetenz_fleisch_d_94986_1.pdf,2026-08-22T12:54:07.146Z,verified_public_source,Extracted from an official public Transgourmet PDF.
072240,"Ämmitaler Poulet Piccata, geformt, frittiert, tiefgekühlt, ca. 60 g,",,meat_poultry,,1,kg,case,3,,,,,,,https://www-static.transgourmet.ch/public/2024-03/2024_0062_tg-care_kompetenz_fleisch_d_94986_1.pdf,2026-08-22T12:54:07.146Z,verified_public_source,Extracted from an official public Transgourmet PDF.
002674,"Truten Fleischvogel mit Frischkäse und Pilzen, tiefgekühlt,",,meat_poultry,,80,g,case,30,,,,,,,https://www-static.transgourmet.ch/public/2024-03/2024_0062_tg-care_kompetenz_fleisch_d_94986_1.pdf,2026-08-22T12:54:07.146Z,verified_public_source,Extracted from an official public Transgourmet PDF.
001519,"Poulet Brust Schnitzel, ca. 100 g,",,meat_poultry,,1,kg,package,1,,,,,,,https://www-static.transgourmet.ch/public/2024-03/2024_0062_tg-care_kompetenz_fleisch_d_94986_1.pdf,2026-08-22T12:54:07.146Z,verified_public_source,Extracted from an official public Transgourmet PDF.
001508,"Poulet Brust Innenfilet, 20-40 g,",,meat_poultry,,2.5,kg,package,1,,,,,,,https://www-static.transgourmet.ch/public/2024-03/2024_0062_tg-care_kompetenz_fleisch_d_94986_1.pdf,2026-08-22T12:54:07.146Z,verified_public_source,Extracted from an official public Transgourmet PDF.
001509,"Poulet Rückenfilet,",,meat_poultry,,1,kg,package,1,,,,,,,https://www-static.transgourmet.ch/public/2024-03/2024_0062_tg-care_kompetenz_fleisch_d_94986_1.pdf,2026-08-22T12:54:07.146Z,verified_public_source,Extracted from an official public Transgourmet PDF.
001482,"Bell Poulet Oberschenkel Steak, ohne Knochen, ohne Haut, 50–120 g,",,meat_poultry,,2,kg,package,1,,,,,,,https://www-static.transgourmet.ch/public/2024-03/2024_0062_tg-care_kompetenz_fleisch_d_94986_1.pdf,2026-08-22T12:54:07.146Z,verified_public_source,Extracted from an official public Transgourmet PDF.
001483,"Poulet Oberschenkel Steak mit Haut, ohne Knochen, 60–130 g,",,meat_poultry,,2,kg,package,1,,,,,,,https://www-static.transgourmet.ch/public/2024-03/2024_0062_tg-care_kompetenz_fleisch_d_94986_1.pdf,2026-08-22T12:54:07.146Z,verified_public_source,Extracted from an official public Transgourmet PDF.
002615,"Poulet Schenkel Spiessli,",,meat_poultry,,100,g,case,5,,,,,,,https://www-static.transgourmet.ch/public/2024-03/2024_0062_tg-care_kompetenz_fleisch_d_94986_1.pdf,2026-08-22T12:54:07.146Z,verified_public_source,Extracted from an official public Transgourmet PDF.
411140,Bio Spaghetti,,rice_pasta_grains,,5,kg,package,1,,,,,,,https://www-static.transgourmet.ch/public/2022-06/kw24-bgh-natura-sortimentsbroeschuere-d.pdf,2026-08-22T13:29:24.185Z,verified_public_source,Extracted from an official public Transgourmet PDF.
411170,Bio Langkornreis Parboiled,,rice_pasta_grains,,5,kg,package,1,,,,,,,https://www-static.transgourmet.ch/public/2022-06/kw24-bgh-natura-sortimentsbroeschuere-d.pdf,2026-08-22T13:29:24.185Z,verified_public_source,Extracted from an official public Transgourmet PDF.
411150,Bio Carnaroli Risottoreis,,rice_pasta_grains,,5,kg,package,1,,,,,,,https://www-static.transgourmet.ch/public/2022-06/kw24-bgh-natura-sortimentsbroeschuere-d.pdf,2026-08-22T13:29:24.185Z,verified_public_source,Extracted from an official public Transgourmet PDF.
411160,Bio Basmati Reis,,rice_pasta_grains,,5,kg,package,1,,,,,,,https://www-static.transgourmet.ch/public/2022-06/kw24-bgh-natura-sortimentsbroeschuere-d.pdf,2026-08-22T13:29:24.185Z,verified_public_source,Extracted from an official public Transgourmet PDF.
411180,Bio Quinoa weiss,,rice_pasta_grains,,1,kg,package,1,,,,,,,https://www-static.transgourmet.ch/public/2022-06/kw24-bgh-natura-sortimentsbroeschuere-d.pdf,2026-08-22T13:29:24.185Z,verified_public_source,Extracted from an official public Transgourmet PDF.
411210,Bio Quinoa rot,,rice_pasta_grains,,1,kg,package,1,,,,,,,https://www-static.transgourmet.ch/public/2022-06/kw24-bgh-natura-sortimentsbroeschuere-d.pdf,2026-08-22T13:29:24.185Z,verified_public_source,Extracted from an official public Transgourmet PDF.
411190,Bio Quinoa schwarz,,rice_pasta_grains,,1,kg,package,1,,,,,,,https://www-static.transgourmet.ch/public/2022-06/kw24-bgh-natura-sortimentsbroeschuere-d.pdf,2026-08-22T13:29:24.185Z,verified_public_source,Extracted from an official public Transgourmet PDF.
411220,Bio Quinoa tricolore,,rice_pasta_grains,,1,kg,package,1,,,,,,,https://www-static.transgourmet.ch/public/2022-06/kw24-bgh-natura-sortimentsbroeschuere-d.pdf,2026-08-22T13:29:24.185Z,verified_public_source,Extracted from an official public Transgourmet PDF.
411420,Bio Couscous,,rice_pasta_grains,,500,g,package,1,,,,,,,https://www-static.transgourmet.ch/public/2022-06/kw24-bgh-natura-sortimentsbroeschuere-d.pdf,2026-08-22T13:29:24.185Z,verified_public_source,Extracted from an official public Transgourmet PDF.
411500,Bio Haferflocken grob,,rice_pasta_grains,,500,g,package,1,,,,,,,https://www-static.transgourmet.ch/public/2022-06/kw24-bgh-natura-sortimentsbroeschuere-d.pdf,2026-08-22T13:29:24.185Z,verified_public_source,Extracted from an official public Transgourmet PDF.
411490,Bio Haferflocken fein,,rice_pasta_grains,,500,g,package,1,,,,,,,https://www-static.transgourmet.ch/public/2022-06/kw24-bgh-natura-sortimentsbroeschuere-d.pdf,2026-08-22T13:29:24.185Z,verified_public_source,Extracted from an official public Transgourmet PDF.
228400,Bio Weissmehl,,rice_pasta_grains,,1,kg,case,10,,,,,,,https://www-static.transgourmet.ch/public/2022-06/kw24-bgh-natura-sortimentsbroeschuere-d.pdf,2026-08-22T13:29:24.185Z,verified_public_source,Extracted from an official public Transgourmet PDF.
410571,Bio Buchweizenmehl,,rice_pasta_grains,,1,kg,case,10,,,,,,,https://www-static.transgourmet.ch/public/2022-06/kw24-bgh-natura-sortimentsbroeschuere-d.pdf,2026-08-22T13:29:24.185Z,verified_public_source,Extracted from an official public Transgourmet PDF.
410001,Bio Weizenvollkornmehl,,rice_pasta_grains,,1,kg,case,10,,,,,,,https://www-static.transgourmet.ch/public/2022-06/kw24-bgh-natura-sortimentsbroeschuere-d.pdf,2026-08-22T13:29:24.185Z,verified_public_source,Extracted from an official public Transgourmet PDF.
626970,Mineralwasser mit Kohlensäure,Aquina,non_alcoholic_drinks,,500,ml,case,24,,,,,,,https://www-static.transgourmet.ch/public/2024-02/kw09-bgh-lastminute-d.pdf,2026-08-22T13:29:27.506Z,verified_public_source,Extracted from an official public Transgourmet PDF.
682200,Blau Mineralwasser ohne Kohlensäure,Henniez,non_alcoholic_drinks,,1.5,l,case,6,,,,,,,https://www-static.transgourmet.ch/public/2024-02/kw09-bgh-lastminute-d.pdf,2026-08-22T13:29:27.506Z,verified_public_source,Extracted from an official public Transgourmet PDF.
682380,Grün Mineralwasser légère,Henniez,non_alcoholic_drinks,,1.5,l,case,6,,,,,,,https://www-static.transgourmet.ch/public/2024-02/kw09-bgh-lastminute-d.pdf,2026-08-22T13:29:27.506Z,verified_public_source,Extracted from an official public Transgourmet PDF.
682970,Zero,Coca-Cola,non_alcoholic_drinks,,330,ml,case,24,,,,,,,https://www-static.transgourmet.ch/public/2024-02/kw09-bgh-lastminute-d.pdf,2026-08-22T13:29:27.506Z,verified_public_source,Extracted from an official public Transgourmet PDF.
683880,Grapefruit,Pepita,non_alcoholic_drinks,,500,ml,case,24,,,,,,,https://www-static.transgourmet.ch/public/2024-02/kw09-bgh-lastminute-d.pdf,2026-08-22T13:29:27.506Z,verified_public_source,Extracted from an official public Transgourmet PDF.
605450,Eistee,Club Mate,non_alcoholic_drinks,,330,ml,case,24,,,,,,,https://www-static.transgourmet.ch/public/2024-02/kw09-bgh-lastminute-d.pdf,2026-08-22T13:29:27.506Z,verified_public_source,Extracted from an official public Transgourmet PDF.
686120,Zitrone-Schwarztee,Nestea,non_alcoholic_drinks,,500,ml,case,24,,,,,,,https://www-static.transgourmet.ch/public/2024-02/kw09-bgh-lastminute-d.pdf,2026-08-22T13:29:27.506Z,verified_public_source,Extracted from an official public Transgourmet PDF.
686130,Pfirsich-Schwarztee,Nestea,non_alcoholic_drinks,,500,ml,case,24,,,,,,,https://www-static.transgourmet.ch/public/2024-02/kw09-bgh-lastminute-d.pdf,2026-08-22T13:29:27.506Z,verified_public_source,Extracted from an official public Transgourmet PDF.
626960,Mineralwasser ohne Kohlensäure,Aquina,non_alcoholic_drinks,,500,ml,case,24,,,,,,,https://www-static.transgourmet.ch/public/2024-02/kw09-bgh-lastminute-d.pdf,2026-08-22T13:29:27.506Z,verified_public_source,Extracted from an official public Transgourmet PDF.
614741,Ramseier Orangensaft,,non_alcoholic_drinks,,1,l,case,12,,,,,,,https://www-static.transgourmet.ch/public/2024-02/kw09-bgh-lastminute-d.pdf,2026-08-22T13:29:27.506Z,verified_public_source,Extracted from an official public Transgourmet PDF.
614710,Ramseier Premium Orangensaft 100%,,non_alcoholic_drinks,,250,ml,case,27,,,,,,,https://www-static.transgourmet.ch/public/2024-02/kw09-bgh-lastminute-d.pdf,2026-08-22T13:29:27.506Z,verified_public_source,Extracted from an official public Transgourmet PDF.
614570,Ramseier Premium Grapefruitsaft,,non_alcoholic_drinks,,1,l,case,12,,,,,,,https://www-static.transgourmet.ch/public/2024-02/kw09-bgh-lastminute-d.pdf,2026-08-22T13:29:27.506Z,verified_public_source,Extracted from an official public Transgourmet PDF.
614470,Ramseier Premium Ananassaft,,non_alcoholic_drinks,,1,l,case,12,,,,,,,https://www-static.transgourmet.ch/public/2024-02/kw09-bgh-lastminute-d.pdf,2026-08-22T13:29:27.506Z,verified_public_source,Extracted from an official public Transgourmet PDF.
614771,Ramseier Premium Traubensaft,,non_alcoholic_drinks,,1,l,case,4,,,,,,,https://www-static.transgourmet.ch/public/2024-02/kw09-bgh-lastminute-d.pdf,2026-08-22T13:29:27.506Z,verified_public_source,Extracted from an official public Transgourmet PDF.
392040,Ananas 50-55 Stücke in Saft,Quality,non_alcoholic_drinks,,567,g,case,6,,,,,,,https://www-static.transgourmet.ch/public/2024-02/kw09-bgh-lastminute-d.pdf,2026-08-22T13:29:27.506Z,verified_public_source,Extracted from an official public Transgourmet PDF.
024210,"Milch 1,5% Fettanteil UHT",Emmi,dairy_eggs,,1,l,case,12,,,,,,,https://www-static.transgourmet.ch/public/2024-11/lastminute_bgh_kw48_2024_d.pdf,2026-08-22T13:29:32.694Z,verified_public_source,Extracted from an official public Transgourmet PDF.
026340,"Suisse Yogourt 0,2% Mini assortiert",Emmi,dairy_eggs,,90,g,case,10,,,,,,,https://www-static.transgourmet.ch/public/2024-11/lastminute_bgh_kw48_2024_d.pdf,2026-08-22T13:29:32.694Z,verified_public_source,Extracted from an official public Transgourmet PDF.
024950,"Good Day Kaffeerahm Portionen 15%, UHT",Emmi,dairy_eggs,,12,g,case,10,,,,,,,https://www-static.transgourmet.ch/public/2024-11/lastminute_bgh_kw48_2024_d.pdf,2026-08-22T13:29:32.694Z,verified_public_source,Extracted from an official public Transgourmet PDF.
023240,Good Day Milchgetränk High Protein,Emmi,dairy_eggs,,1,l,case,12,,,,,,,https://www-static.transgourmet.ch/public/2024-11/lastminute_bgh_kw48_2024_d.pdf,2026-08-22T13:29:32.694Z,verified_public_source,Extracted from an official public Transgourmet PDF.
024960,Good Day Vollrahm 35% Fettanteil UHT,Emmi,dairy_eggs,,1,l,case,12,,,,,,,https://www-static.transgourmet.ch/public/2024-11/lastminute_bgh_kw48_2024_d.pdf,2026-08-22T13:29:32.694Z,verified_public_source,Extracted from an official public Transgourmet PDF.
024480,Good Day Vollrahm 35% Fettanteil UHT,Emmi,dairy_eggs,,250,ml,case,18,,,,,,,https://www-static.transgourmet.ch/public/2024-11/lastminute_bgh_kw48_2024_d.pdf,2026-08-22T13:29:32.694Z,verified_public_source,Extracted from an official public Transgourmet PDF.
023991,"Bio Vollmilch 3,9%, UHT",Emmi,dairy_eggs,,1,l,case,6,,,,,,,https://www-static.transgourmet.ch/public/2024-11/lastminute_bgh_kw48_2024_d.pdf,2026-08-22T13:29:32.694Z,verified_public_source,Extracted from an official public Transgourmet PDF.
024211,"Good Day Milch 1,5% Fettanteil UHT 190",Emmi,dairy_eggs,,250,ml,package,1,,,,,,,https://www-static.transgourmet.ch/public/2024-11/lastminute_bgh_kw48_2024_d.pdf,2026-08-22T13:29:32.694Z,verified_public_source,Extracted from an official public Transgourmet PDF.
024640,Good Day Halbrahm 25% Fettanteil UHT,Emmi,dairy_eggs,,250,ml,case,18,,,,,,,https://www-static.transgourmet.ch/public/2024-11/lastminute_bgh_kw48_2024_d.pdf,2026-08-22T13:29:32.694Z,verified_public_source,Extracted from an official public Transgourmet PDF.
024610,Halbrahm 25% Fettanteil UHT,Quality,dairy_eggs,,1,l,case,12,,,,,,,https://www-static.transgourmet.ch/public/2024-11/lastminute_bgh_kw48_2024_d.pdf,2026-08-22T13:29:32.694Z,verified_public_source,Extracted from an official public Transgourmet PDF.
027180,Butterportionen Becher 150,Floralp,dairy_eggs,,330,ml,package,1,,,,,,,https://www-static.transgourmet.ch/public/2024-11/lastminute_bgh_kw48_2024_d.pdf,2026-08-22T13:29:32.694Z,verified_public_source,Extracted from an official public Transgourmet PDF.
025440,Choco Drink,Comella,dairy_eggs,,330,ml,case,12,,,,,,,https://www-static.transgourmet.ch/public/2024-11/lastminute_bgh_kw48_2024_d.pdf,2026-08-22T13:29:32.694Z,verified_public_source,Extracted from an official public Transgourmet PDF.
019401,358,Kiri,dairy_eggs,,140,g,package,1,,,,,,,https://www-static.transgourmet.ch/public/2024-11/lastminute_bgh_kw48_2024_d.pdf,2026-08-22T13:29:32.694Z,verified_public_source,Extracted from an official public Transgourmet PDF.
019245,Knoblauch & Kräuter 410,Cantadou,dairy_eggs,,500,g,package,1,,,,,,,https://www-static.transgourmet.ch/public/2024-11/lastminute_bgh_kw48_2024_d.pdf,2026-08-22T13:29:32.694Z,verified_public_source,Extracted from an official public Transgourmet PDF.
018780,Mascarpone,Züger,dairy_eggs,,500,g,case,6,,,,,,,https://www-static.transgourmet.ch/public/2024-11/lastminute_bgh_kw48_2024_d.pdf,2026-08-22T13:29:32.694Z,verified_public_source,Extracted from an official public Transgourmet PDF.
012060,Val d'Arve Le Brie 1/1 Laib,,dairy_eggs,,,,package,1,,,,,,,https://www-static.transgourmet.ch/public/2024-11/lastminute_bgh_kw48_2024_d.pdf,2026-08-22T13:29:32.694Z,partial_public_source,Official public source; pack details require review.
018891,Ömür Käse in Salzlake 1394,,dairy_eggs,,1,kg,package,1,,,,,,,https://www-static.transgourmet.ch/public/2024-11/lastminute_bgh_kw48_2024_d.pdf,2026-08-22T13:29:32.694Z,verified_public_source,Extracted from an official public Transgourmet PDF.
010803,Tilsiter rot unpasteurisiert 1/4 Laib ca. 1 kg 1215,Emmi,dairy_eggs,,1,kg,package,1,,,,,,,https://www-static.transgourmet.ch/public/2024-11/lastminute_bgh_kw48_2024_d.pdf,2026-08-22T13:29:32.694Z,verified_public_source,Extracted from an official public Transgourmet PDF.
015870,Cheddar rot gestiftelt,Züger,dairy_eggs,,1,kg,case,6,,,,,,,https://www-static.transgourmet.ch/public/2024-11/lastminute_bgh_kw48_2024_d.pdf,2026-08-22T13:29:32.694Z,verified_public_source,Extracted from an official public Transgourmet PDF.
020550,Käse-Frühstücksportionen assortiert,Emmi,dairy_eggs,,27,g,case,37,,,,,,,https://www-static.transgourmet.ch/public/2024-11/lastminute_bgh_kw48_2024_d.pdf,2026-08-22T13:29:32.694Z,verified_public_source,Extracted from an official public Transgourmet PDF.
152501,Mayonnaise à la française 6835,Thomy,sauces_condiments,,3,kg,package,1,,,,,,,https://www-static.transgourmet.ch/public/2024-10/kw45-bgh-guide-november-d.pdf,2026-08-22T13:29:35.164Z,verified_public_source,Extracted from an official public Transgourmet PDF.
590596,Knorr Professional Tomato Pronto Tomatensauce,,sauces_condiments,,3,kg,case,4,,,,,,,https://www-static.transgourmet.ch/public/2024-10/kw45-bgh-guide-november-d.pdf,2026-08-22T13:29:35.164Z,verified_public_source,Extracted from an official public Transgourmet PDF.
260080,Haco Mayonnaise 5250,,sauces_condiments,,4,kg,package,1,,,,,,,https://www-static.transgourmet.ch/public/2024-10/kw45-bgh-guide-november-d.pdf,2026-08-22T13:29:35.164Z,verified_public_source,Extracted from an official public Transgourmet PDF.
590956,Hero French Dressing Omega 3 ungekühlt 10 l,,sauces_condiments,,475,l,package,1,,,,,,,https://www-static.transgourmet.ch/public/2024-10/kw45-bgh-guide-november-d.pdf,2026-08-22T13:29:35.164Z,verified_public_source,Extracted from an official public Transgourmet PDF.
104310,Hero French Dressing ungekühlt 10 l,,sauces_condiments,,530,l,package,1,,,,,,,https://www-static.transgourmet.ch/public/2024-10/kw45-bgh-guide-november-d.pdf,2026-08-22T13:29:35.164Z,verified_public_source,Extracted from an official public Transgourmet PDF.
590958,Hero French Dressing mit Kräutern ungekühlt 10 l,,sauces_condiments,,535,l,package,1,,,,,,,https://www-static.transgourmet.ch/public/2024-10/kw45-bgh-guide-november-d.pdf,2026-08-22T13:29:35.164Z,verified_public_source,Extracted from an official public Transgourmet PDF.
590963,Hero Italian Dressing Omega 3 ungekühlt 10 l,,sauces_condiments,,615,l,package,1,,,,,,,https://www-static.transgourmet.ch/public/2024-10/kw45-bgh-guide-november-d.pdf,2026-08-22T13:29:35.164Z,verified_public_source,Extracted from an official public Transgourmet PDF.
590943,Hero Balsamico Dressing ungekühlt 10 l,,sauces_condiments,,490,l,package,1,,,,,,,https://www-static.transgourmet.ch/public/2024-10/kw45-bgh-guide-november-d.pdf,2026-08-22T13:29:35.164Z,verified_public_source,Extracted from an official public Transgourmet PDF.
590944,Hero Basico Basis für Salatsaucen ungekühlt,,sauces_condiments,,10,l,package,1,,,,,,,https://www-static.transgourmet.ch/public/2024-10/kw45-bgh-guide-november-d.pdf,2026-08-22T13:29:35.164Z,verified_public_source,Extracted from an official public Transgourmet PDF.
152410,Mayonnaise,Thomy,sauces_condiments,,880,g,case,6,,,,,,,https://www-static.transgourmet.ch/public/2024-10/kw45-bgh-guide-november-d.pdf,2026-08-22T13:29:35.164Z,verified_public_source,Extracted from an official public Transgourmet PDF.
152861,Tartaraise 1440,Thomy,sauces_condiments,,1,l,package,1,,,,,,,https://www-static.transgourmet.ch/public/2024-10/kw45-bgh-guide-november-d.pdf,2026-08-22T13:29:35.164Z,verified_public_source,Extracted from an official public Transgourmet PDF.
507091,KitKat Sauce Dessert Schokolade,,sauces_condiments,,1,l,case,6,,,,,,,https://www-static.transgourmet.ch/public/2024-10/kw45-bgh-guide-november-d.pdf,2026-08-22T13:29:35.164Z,verified_public_source,Extracted from an official public Transgourmet PDF.
151352,le Chocolat Schokoladengetränk -.60,Cailler,non_alcoholic_drinks,,22,g,package,1,,,,,,,https://www-static.transgourmet.ch/public/2024-10/kw45-bgh-guide-november-d.pdf,2026-08-22T13:29:35.164Z,verified_public_source,Extracted from an official public Transgourmet PDF.
100561,Knorr French Dressing 12 l,,sauces_condiments,,575,l,package,1,,,,,,,https://www-static.transgourmet.ch/public/2024-10/kw45-bgh-guide-november-d.pdf,2026-08-22T13:29:35.164Z,verified_public_source,Extracted from an official public Transgourmet PDF.
100590,Knorr Italian Dressing 12 l,,sauces_condiments,,695,l,package,1,,,,,,,https://www-static.transgourmet.ch/public/2024-10/kw45-bgh-guide-november-d.pdf,2026-08-22T13:29:35.164Z,verified_public_source,Extracted from an official public Transgourmet PDF.
