articleNumber,name,brand,category,subcategory,packSizeValue,packSizeUnit,salesUnit,unitsPerSalesUnit,priceCHF,priceBasis,sourceUrl,verifiedAt,verificationStatus,notes
025040,"Quality Kaffeerahm Portionen 15%, UHT, 200 x 12 g",Quality,dairy_eggs,cream,2.4,kg,case,,9.55,per_pack,,,seed_unverified,
042020,"Gurken 400 - 500 g / St, 4 St",Quality,vegetables_fruit,cucumbers,4,piece,pack,4,1.75,per_piece,,,seed_unverified,
048824,"Zitronen, 2 kg",Quality,vegetables_fruit,lemons,2,kg,bag,,2.1,per_kg,,,seed_unverified,
022600,"Quality Vollmilch 3,5%, UHT, 12 x 1 l",Quality,dairy_eggs,milk,12,l,case,,1.29,per_liter,,,seed_unverified,
040967,"Cherry Tomaten Rispen, 500 g",Quality,vegetables_fruit,tomatoes,500,g,tray,,4.95,per_pack,,,seed_unverified,
044106,"Peperoni gemischt, 2 kg",Quality,vegetables_fruit,peppers,2,kg,bag,,5.15,per_kg,,,seed_unverified,
040328,"Basilikum, 250 g",Egli's frische Kräuter,vegetables_fruit,fresh_herbs,250,g,pack,,7.3,per_pack,,,seed_unverified,
046922,"Blueberries, 500 g",Quality,vegetables_fruit,berries,500,g,tray,,4.4,per_pack,,,seed_unverified,
073335,"Quality Gastro-Bratwurst, 10 x 160 g",Quality,meat_poultry,sausage,1.6,kg,pack,10,0.99,per_piece,,,seed_unverified,
045915,"Zwiebeln rot mittel, 1 kg",Quality,vegetables_fruit,onions,1,kg,bag,,2.25,per_pack,,,seed_unverified,
683440,"Coca-Cola 6 x 1,5 l",Coca Cola,non_alcoholic_drinks,soft_drinks,9,l,case,,1.99,per_liter,,,seed_unverified,
040972,"Cherry Rispentomaten, 3 kg",Quality,vegetables_fruit,tomatoes,3,kg,tray,,8.4,per_kg,,,seed_unverified,
048827,"Zitronen, 6 kg",Quality,vegetables_fruit,lemons,6,kg,case,,1.9,per_kg,,,seed_unverified,
428120,"Nectaflor Blütenhonig, 2,8 kg",Nectaflor,dessert_ingredients,honey,2.8,kg,bottle,,23.5,per_pack,,,seed_unverified,
081591,"Bell Speckwürfeli geräucht, ca. 2,5 kg",Bell,meat_poultry,bacon,2.5,kg,pack,,11.99,per_kg,,,seed_unverified,
333951,"Cailler Cuisine Kakaopulver, 800 g",Cailler,dessert_ingredients,cocoa_powder,800,g,pack,,14.0,per_pack,,,seed_unverified,
041217,"Cipollotte / Bundzwiebeln, gepackt, 2 Bund, ca. 3 St",Quality,vegetables_fruit,spring_onions,2,piece,pack,2,1.75,per_piece,,,seed_unverified,
002114,"Schweins-Hals, ca. 2 kg",Quality,meat_poultry,pork,2,kg,pack,,10.99,per_kg,,,seed_unverified,
027220,"Emmi Premium Butterportionen, Würfel, 100 x 10 g",Emmi,dairy_eggs,butter,1,kg,case,,21.95,per_pack,,,seed_unverified,
049127,"Champignons braun, frisch, 1 kg",Quality,vegetables_fruit,mushrooms,1,kg,case,,7.6,per_pack,,,seed_unverified,
044107,"Peperoni Tricolor, Import, 5 kg",Quality,vegetables_fruit,peppers,5,kg,case,,4.65,per_kg,,,seed_unverified,
590107,"Quality Sonnenblumenöl, 12 l",Quality,sauces_condiments,cooking_oil,12,l,case,,3.64,per_liter,,,seed_unverified,
082296,"Quality Salami Milano, 1 kg",Quality,meat_poultry,salami,1,kg,piece,1,14.99,per_piece,,,seed_unverified,
045916,"Zwiebeln rot, 5 kg",Quality,vegetables_fruit,onions,5,kg,bag,,2.1,per_kg,,,seed_unverified,
591087,"Wiberg Vanille Gourmet gemahlen, mit Vanillemark, 100 g",Wiberg,dessert_ingredients,vanilla,100,g,jar,,52.0,per_pack,,,seed_unverified,
012383,"Defendi Gorgonzola San Antonio DOP, 1/4 Laib ca. 1,5 kg",Defendi,dairy_eggs,cheese,1.5,kg,piece,,10.95,per_kg,,,seed_unverified,
040391,"Batavia Salat Schweiz Hydro, 8 St",Quality,vegetables_fruit,leafy_greens,8,piece,case,8,1.65,per_piece,,,seed_unverified,
683007,Coca-Cola 4 x 6 x 33 cl,Coca Cola,non_alcoholic_drinks,soft_drinks,7.92,l,case,24,0.79,per_piece,,,seed_unverified,
046594,"Avocado Purée / Guacamole, 500 g",,sauces_condiments,guacamole,500,g,tub,,5.7,per_pack,,,seed_unverified,
010436,"Quality Emmentaler AOP, ca. 1,5 kg",Quality,dairy_eggs,cheese,1.5,kg,piece,,12.2,per_kg,,,seed_unverified,
091060,"Kadi Pommes Frites Normalschnitt, TK, 9 x 9 mm, 10 kg",Kadi,vegetables_fruit,potatoes,10,kg,case,,4.3,per_kg,,,seed_unverified,
041704,"Fenchel, 5 kg",Quality,vegetables_fruit,fennel,5,kg,case,,4.35,per_kg,,,seed_unverified,
019710,"Granarolo Ricotta, 1,5 kg",Granarolo,dairy_eggs,cheese,1.5,kg,tub,,8.15,per_pack,,,seed_unverified,
682960,"Coca-Cola Zero 6 x 1,5 l",Coca Cola,non_alcoholic_drinks,soft_drinks,9,l,case,,1.99,per_liter,,,seed_unverified,
044549,"Rucola / Rauke, 1 kg",Quality,vegetables_fruit,leafy_greens,1,kg,case,,10.5,per_kg,,,seed_unverified,
682970,Coca-Cola Zero 4 x 6 x 33 cl,Coca Cola,non_alcoholic_drinks,soft_drinks,7.92,l,case,24,0.79,per_piece,,,seed_unverified,
042951,"Kürbis Muskat, ganz einzeln, ca. 5 - 8 kg",Quality,vegetables_fruit,pumpkin,8,kg,piece,,2.1,per_kg,,,seed_unverified,
087192,"Ferrarini Rohschinken Dolce Riserva Mattonella, ca. 2 kg",Ferrarini,meat_poultry,ham,2,kg,pack,,25.99,per_kg,,,seed_unverified,
398470,"Iliada Kalamata Oliven, entsteint, 3,1 kg",Iliada,sauces_condiments,olives,3.1,kg,jar,,18.95,per_pack,,,seed_unverified,
396540,"Quality Sardellenfilets in Sonnenblumenöl, 794 g",Quality,fish_seafood,anchovies,794,g,can,,14.95,per_pack,,,seed_unverified,
018540,"Züger Frischkäse Nature, 1 kg",Züger Frischkäse AG,dairy_eggs,cream_cheese,1,kg,tub,,7.98,per_kg,,,seed_unverified,
392070,"Quality Ananas im eigenen Saft, 10 Scheiben, 6 x 567 g",Quality,vegetables_fruit,pineapple,3.402,kg,case,,1.75,per_pack,,,seed_unverified,
001366,"Schweins-Nierstück mit Huft, ca. 4 kg",Quality,meat_poultry,pork,4,kg,pack,,10.69,per_kg,,,seed_unverified,
019721,"Granarolo Ricotta, 250 g",Granarolo,dairy_eggs,cheese,250,g,tub,,2.13,per_pack,,,seed_unverified,
403240,"Mae Ploy Curry Paste rot, 400 g",Mae Ploy,sauces_condiments,curry_paste,400,g,tub,,2.85,per_pack,,,seed_unverified,
456101,"Cailler Kakao Pulver, 200 g",Cailler,dessert_ingredients,cocoa_powder,200,g,pack,,5.85,per_pack,,,seed_unverified,
048787,"Trauben mix weiss / blau, 5 kg",Quality,vegetables_fruit,grapes,5,kg,case,,2.75,per_kg,,,seed_unverified,
093756,"Hummus, 1 kg",Gemma,sauces_condiments,hummus,1,kg,tub,,11.08,per_pack,,,seed_unverified,
683391,"Valser Prickelnd 6 x 1,5 l",Valser,non_alcoholic_drinks,mineral_water,9,l,case,,0.99,per_liter,,,seed_unverified,
403130,"Thai Kitchen Rote Curry Paste vegan, 1 kg",Thai Kitchen,sauces_condiments,curry_paste,1,kg,pack,,11.15,per_pack,,,seed_unverified,
043920,"Pak Choi Chinesischer Senfkohl, ca. 3 St, ca. 750 g",Quality,vegetables_fruit,leafy_greens,750,g,pack,,4.98,per_kg,,,seed_unverified,
040329,"Basilikum, 1 kg",Egli's frische Kräuter,vegetables_fruit,fresh_herbs,1,kg,pack,,23.95,per_pack,,,seed_unverified,
082297,"Quality Salami Nostrano, 1 kg",Quality,meat_poultry,salami,1,kg,piece,1,14.99,per_piece,,,seed_unverified,
626960,"Aquina ohne CO2, Pack zu 24 Fl. x 50 cl",Aquina,non_alcoholic_drinks,mineral_water,12,l,case,24,0.46,per_piece,,,seed_unverified,
628030,"quini Citron, 1,5 l",Quini,non_alcoholic_drinks,soft_drinks,1.5,l,bottle,,0.99,per_pack,,,seed_unverified,
626970,"Aquina mit CO2, Pack zu 24 Fl. x 50 cl",Aquina,non_alcoholic_drinks,mineral_water,12,l,case,24,0.46,per_piece,,,seed_unverified,
091080,"Kadi Pommes Frites Feinschnitt, TK, 7 x 7 mm, 10 kg",Kadi,vegetables_fruit,potatoes,10,kg,case,,4.3,per_kg,,,seed_unverified,
621510,"San Pellegrino Mineral, 6 x 1.25 l",Sanpellegrino,non_alcoholic_drinks,mineral_water,7.5,l,case,6,0.99,per_piece,,,seed_unverified,
111320,"Zuckersticks schwarz, 1000 x 5 g",,dessert_ingredients,sugar,5,kg,pack,,13.9,per_pack,,,seed_unverified,
398460,"Iliada Oliven grün, entsteint, 3,1 kg",Iliada,sauces_condiments,olives,3.1,kg,jar,,15.2,per_pack,,,seed_unverified,
092930,"Picosa Steinpilze Würfel, 2 x 2 cm, TK, 2 x 1 kg",Picosa,vegetables_fruit,mushrooms,2,kg,case,,18.9,per_kg,,,seed_unverified,
103351,"Hero Konfitüre Extra Sortiment CC, Portionen, 120 x 25 g",Hero,dessert_ingredients,jam,3,kg,case,,35.2,per_pack,,,seed_unverified,
411002,"Roco Konfitüren assortiert, Portionen, 6 x 20 x 25 g",Roco,dessert_ingredients,jam,3,kg,case,,29.88,per_pack,,,seed_unverified,
566880,"Maille Senf nach alter Art, 210 g",Maille,sauces_condiments,mustard,210,g,jar,,2.79,per_pack,,,seed_unverified,
040326,"Basilikum Bund, 80 g",Egli's frische Kräuter,vegetables_fruit,fresh_herbs,80,g,bunch,,3.5,per_pack,,,seed_unverified,
688700,Fusetea Lemon Lemongrass 24 x 50 cl,Fusetea,non_alcoholic_drinks,iced_tea,12,l,case,24,0.99,per_piece,,,seed_unverified,
500870,"Hugo Reitzel Silberzwiebeln, 1,1 kg",Hugo Reitzel,sauces_condiments,pickled_onions,1.1,kg,pack,,5.75,per_pack,,,seed_unverified,
071910,"Quality Chicken Nuggets Premium, paniert, frittiert, tiefgekühlt, 4 kg",Quality,meat_poultry,chicken,4,kg,case,,12.99,per_kg,,,seed_unverified,
019681,"Philadelphia Kräuter, 200 g",Philadelphia,dairy_eggs,cream_cheese,200,g,tub,,2.41,per_pack,,,seed_unverified,
019621,"Philadelphia Kräuter, 1,65 kg",Philadelphia,dairy_eggs,cream_cheese,1.65,kg,tub,,16.95,per_pack,,,seed_unverified,
566890,"Maille Original Dijon-Senf, 215 g",Maille,sauces_condiments,mustard,215,g,jar,,2.59,per_pack,,,seed_unverified,
004190,"Ditzler Heidelbeeren ungezuckert TK, 2 x 2,5 kg",Ditzler,vegetables_fruit,berries,5,kg,case,,8.8,per_kg,,,seed_unverified,
015261,"Mozzarella Netto 45%, gerieben, 2 kg",,dairy_eggs,cheese,2,kg,bag,,6.7,per_kg,,,seed_unverified,
396371,"Raimond Frères Thon Tongol hell in Sonnenblumenöl, 5 x 100 g",Raimond Frères,fish_seafood,tuna,500,g,pack,,1.39,per_pack,,,seed_unverified,
092660,"Ditzler halbe Zwetschgen entsteint TK, 2 x 2,5 kg",Ditzler,vegetables_fruit,plums,5,kg,case,,5.2,per_kg,,,seed_unverified,
688710,Fusetea Peach Hibiscus 24 x 50 cl,Fusetea,non_alcoholic_drinks,iced_tea,12,l,case,24,0.99,per_piece,,,seed_unverified,
022610,"Quality Milchdrink 1,5%, UHT, 12 x 1 l",Quality,dairy_eggs,milk,12,l,case,,1.28,per_liter,,,seed_unverified,
054722,"Rinds-Geschnetzeltes II, Stotzen, zum Kochen, ca. 5 kg",Quality,meat_poultry,beef,5,kg,pack,,19.99,per_kg,,,seed_unverified,
043554,"Quality Menü-Salat, 10 mm, 1 kg",Quality,vegetables_fruit,leafy_greens,1,kg,pack,,5.95,per_pack,,,seed_unverified,
073276,"Quality Poulet Cervelas, 100 g",Quality,meat_poultry,sausage,100,g,piece,1,0.89,per_piece,,,seed_unverified,
228060,"Weissmehl, Type 550, 25 kg",,rice_pasta_grains,flour,25,kg,bag,,1.39,per_kg,,,seed_unverified,
403250,"Mae Ploy Curry Paste grün, 400 g",Mae Ploy,sauces_condiments,curry_paste,400,g,tub,,2.85,per_pack,,,seed_unverified,
002115,"Schweins-Brust, mit Schwarten, ohne Knochen, ca. 3,5 kg",Quality,meat_poultry,pork,3.5,kg,pack,,7.69,per_kg,,,seed_unverified,
026340,"Emmi Suisse Jogurt 0,2% Mini, assortiert, laktosefrei, 10 x 90 g",Emmi,dairy_eggs,yogurt,900,g,case,,5.00,per_pack,,,seed_unverified,
045914,"Zwiebeln rot gross, 10 kg",,vegetables_fruit,onions,10,kg,bag,,1.98,per_kg,,,seed_unverified,
087180,"Ferrarini Bresaola Punta d'anca 1/2, ca. 1,6 kg",Ferrarini,meat_poultry,beef,1.6,kg,pack,,47.99,per_kg,,,seed_unverified,
396130,"Raimond Frères MSC Thon rosé in Wasser, 4 x 200 g",Raimond Frères,fish_seafood,tuna,800,g,pack,4,1.75,per_piece,,,seed_unverified,
241062,"Lu Tuc classic, 3 x 100 g",Lu Tuc,bread_bakery,crackers,300,g,pack,,1.20,per_pack,,,seed_unverified,
402900,"Thai Kitchen Rote Curry Paste, 225 g",Thai Kitchen,sauces_condiments,curry_paste,225,g,jar,,4.35,per_pack,,,seed_unverified,
037560,"Hilcona Gnocchi, 5 x 1 kg",Hilcona,rice_pasta_grains,gnocchi,5,kg,case,,21.30,per_pack,,,seed_unverified,
094659,"Kadi Frühlingsrollen China Gemüse, vegetarisch, TK, 32 x 50 g / 1,6 kg",Kadi,vegetables_fruit,vegetarian_snacks,1.6,kg,case,,24.96,per_pack,,,seed_unverified,
410990,"Barilla Penne Rigate n°73, 500 g",Barilla,rice_pasta_grains,pasta,500,g,pack,,1.99,per_pack,,,seed_unverified,
403260,"Mae Ploy Curry Paste gelb, vegan, 400 g",Mae Ploy,sauces_condiments,curry_paste,400,g,tub,,2.85,per_pack,,,seed_unverified,
410970,"Barilla Spaghetti n°5, 500 g",Barilla,rice_pasta_grains,pasta,500,g,pack,,1.79,per_pack,,,seed_unverified,
458620,"Hellmann's Real Mayonnaise Squeeze, 8 x 430 ml",Hellmann's,sauces_condiments,mayonnaise,3440,ml,case,,34.00,per_pack,,,seed_unverified,
001852,"Quality ASC Seesaiblings Filet, mit Haut, grätenarm",Quality,fish_seafood,white_fish,1,kg,pack,,22.90,per_kg,,,seed_unverified,
019272,"Caprice des Dieux, laktosefrei, 125 g",Caprice des Dieux,dairy_eggs,cheese,125,g,piece,1,3.14,per_piece,,,seed_unverified,
413040,"Natura Bio Knospe Kernenmix, 1 kg",Natura,dessert_ingredients,seeds,1,kg,bag,,8.89,per_pack,,,seed_unverified,
688660,"Valser Still 6 x 1,5 l",Valser,non_alcoholic_drinks,mineral_water,9,l,case,6,0.99,per_piece,,,seed_unverified,
061171,Bell Augustiner Schüblig 5 x 155 g,Bell,meat_poultry,sausage,775,g,pack,5,2.29,per_piece,,,seed_unverified,
092321,"Ditzler Sommergemüse, TK, 2 x 2,5 kg",Ditzler,vegetables_fruit,mixed_vegetables,5,kg,case,,4.30,per_kg,,,seed_unverified,
068406,"Quality Pulpo Blume, geputzt, tiefgekühlt, ca. 1 - 2 kg",Quality,fish_seafood,octopus,1.5,kg,pack,,17.50,per_kg,,,seed_unverified,
092150,"Ditzler Maiskörner lose gefroren TK, 2 x 2,5 kg",Ditzler,vegetables_fruit,corn,5,kg,case,,3.85,per_kg,,,seed_unverified,
152501,"Thomy Mayonnaise à la française, 10,5 kg",Thomy,sauces_condiments,mayonnaise,10.5,kg,bucket,,87.05,per_pack,,,seed_unverified,
001271,"Kalbs-Halsbraten gebunden, ca. 1,3 kg",Quality,meat_poultry,veal,1.3,kg,pack,,27.69,per_kg,,,seed_unverified,
103492,"Hero Honig cremig, Portionen, 120 x 25 g",Hero,dessert_ingredients,honey,3,kg,case,,53.42,per_pack,,,seed_unverified,
396210,"Raimond Frères MSC Sardellenfilets, eingelegt in Olivenöl, 5 x 50 g",Raimond Frères,fish_seafood,anchovies,250,g,pack,5,1.99,per_piece,,,seed_unverified,
026196,"Emmi Suisse Jogurt Mini Nature, 20 x 90 g",Emmi,dairy_eggs,yogurt,1.8,kg,case,,8.60,per_pack,,,seed_unverified,
012060,"Val d'Arve Le Brie, 1/1 Laib 1 kg",Val d'Arve,dairy_eggs,cheese,1,kg,piece,1,14.50,per_piece,,,seed_unverified,
241341,"Oreo Original, 3 x 154 g",Oreo,bread_bakery,biscuits,462,g,pack,3,2.29,per_piece,,,seed_unverified,
019611,"Philadelphia, 200 g",Philadelphia,dairy_eggs,cream_cheese,200,g,tub,,2.41,per_pack,,,seed_unverified,
001159,"Hackfleisch gemischt (R,S), 5 mm, ca. 5 kg",Quality,meat_poultry,minced_meat,5,kg,pack,,12.99,per_kg,,,seed_unverified,
095101,"Origine Eier Schweiz, Freiland, 53g+, 30 Stück",Origine,dairy_eggs,eggs,30,piece,pack,30,,,https://web.transgourmet.ch/de/prodega-easy/catalog/article/095101,2026-08-22,official_product_verified_price_unverified,Official product and pack size verified; public page did not expose price.
234980,"Basmati Reis, 5 kg",Reismühle Brunnen,rice_pasta_grains,rice_basmati,5,kg,bag,1,,,https://web.transgourmet.ch/de/prodega-easy/catalog/article/234980,2026-08-22,official_product_verified_price_unverified,Official product and pack size verified; public page did not expose price.
234790,"Carnaroli Risottoreis, 5 kg",Reismühle Brunnen,rice_pasta_grains,rice_risotto,5,kg,bag,1,,,https://web.transgourmet.ch/de/prodega-easy/catalog/article/234790,2026-08-22,official_product_verified_price_unverified,Official product and pack size verified; public page did not expose price.
234861,"Parboiled Vitamin Rice, 5 kg",Reismühle Brunnen,rice_pasta_grains,rice_long_grain,5,kg,bag,1,,,https://web.transgourmet.ch/de/prodega-easy/catalog/article/234861,2026-08-22,official_product_verified_price_unverified,Official product and pack size verified; public page did not expose price.
411170,"Natura Bio Langkornreis Parboiled, 5 kg",Natura,rice_pasta_grains,rice_long_grain,5,kg,bag,1,,,https://web.transgourmet.ch/de/prodega-easy/catalog/article/411170,2026-08-22,official_product_verified_price_unverified,Official product and pack size verified; public page did not expose price.
213470,"Economy Fusilli, 5 kg",Economy,rice_pasta_grains,pasta,5,kg,bag,1,,,https://web.transgourmet.ch/de/prodega-easy/catalog/article/213470,2026-08-22,official_product_verified_price_unverified,Official product and pack size verified; public page did not expose price.
511000,"Quality Kichererbsen, 2,55 kg",Quality,rice_pasta_grains,legumes_chickpeas,1.5,kg,can,1,,,https://web.transgourmet.ch/de/prodega-easy/catalog/article/511000,2026-08-22,official_product_verified_price_unverified,Usable/drained weight 1.5 kg; gross can weight 2.55 kg. Public page did not expose price.
029717,"Natura Bio Tofu nature, 1,25 kg",Natura,plant_based,tofu,1.25,kg,piece,1,,,https://web.transgourmet.ch/de/prodega-easy/catalog/article/029717,2026-08-22,official_product_verified_price_unverified,Official product and pack size verified; public page did not expose price.
002529,"noppa's Bio Tofu geräuchert, 500 g",noppa's,plant_based,tofu,500,g,piece,1,,,https://webshop.transgourmet.ch/api/webshop/pub/articles/factsheet/002529,2026-08-22,official_product_verified_price_unverified,Official Transgourmet factsheet verified; public source did not expose price.
007910,"Salomon Green Heroes Plant Knusper Schnitzel, TK, 3 x 10 x 100 g",SalomonFoodWorld,plant_based,plant_based_protein,3,kg,case,30,,,https://web.transgourmet.ch/de/prodega-easy/catalog/article/007910,2026-08-22,official_product_verified_price_unverified,30 x 100 g units per case; public page did not expose price.
042592,"Knoblauch Original ganz geschält, 1 kg",,vegetables_fruit,garlic,1,kg,can,1,,,https://web.transgourmet.ch/de/prodega-easy/catalog/article/042592,2026-08-22,official_product_verified_price_unverified,Official product and pack size verified; brand not shown on public page.
040673,"Broccoli, ca. 3,5 kg",Quality,vegetables_fruit,broccoli,3.5,kg,case,1,,,https://web.transgourmet.ch/de/prodega-easy/catalog/article/040673,2026-08-22,official_product_verified_price_unverified,Approximate case weight; public page did not expose price.
092095,"Ditzler Karotten-Wedges rot und gelb TK, 2 x 2,5 kg",Ditzler,vegetables_fruit,carrots,5,kg,case,2,,,https://web.transgourmet.ch/de/prodega-easy/catalog/article/092095,2026-08-22,official_product_verified_price_unverified,2 x 2.5 kg frozen bags per case; availability not guaranteed on public page.
040257,"Auberginen, 5 kg",Quality,vegetables_fruit,aubergines,5,kg,case,1,,,https://web.transgourmet.ch/de/prodega-easy/catalog/article/040257,2026-08-22,official_product_verified_price_unverified,Official product and pack size verified; public page did not expose price.
040158,"Premium Sweet Potatoes, 6 kg",Premium,vegetables_fruit,sweet_potatoes,6,kg,case,1,,,https://web.transgourmet.ch/de/prodega-easy/catalog/article/040158,2026-08-22,official_product_verified_price_unverified,Official product and pack size verified; public page did not expose price.
042363,"Kabis weiss mittel, ca. 5 kg",Quality,vegetables_fruit,cabbage,5,kg,piece,1,,,https://web.transgourmet.ch/de/prodega-easy/catalog/article/042363,2026-08-22,official_product_verified_price_unverified,Approximate single-item weight; public page did not expose price.
040110,"Kartoffeln, festkochend, 10 kg",Quality,vegetables_fruit,potatoes,10,kg,bag,1,,,https://web.transgourmet.ch/de/prodega-easy/catalog/article/040110,2026-08-22,official_product_verified_price_unverified,Official product and pack size verified; public page did not expose price.
045358,"Tomaten mit Rispen Import, 5 kg",Quality,vegetables_fruit,tomatoes,5,kg,case,1,,,https://web.transgourmet.ch/de/prodega-easy/catalog/article/045358,2026-08-22,official_product_verified_price_unverified,Official product and pack size verified; public page did not expose price.
006290,"Fortisa Burger Bun Sesam, TK, 24 x 83 g",Fortisa,bread_bakery,burger_buns,24,piece,case,24,,,https://web.transgourmet.ch/de/prodega-easy/catalog/article/006290,2026-08-22,official_product_verified_price_unverified,24 buns x 83 g per case; public page did not expose price.
098251,"Romer's Ballon gross, vorgebacken, TK, 20 x 80 g",Romer's,bread_bakery,bread_rolls,20,piece,case,20,,,https://web.transgourmet.ch/de/prodega-easy/catalog/article/098251,2026-08-22,official_product_verified_price_unverified,20 rolls x 80 g per case; public page did not expose price.
014651,"Premium Burratina, 4 x 50 g",Premium,dairy_eggs,cheese,200,g,pack,4,,,https://web.transgourmet.ch/de/prodega-easy/catalog/article/014651,2026-08-22,official_product_verified_price_unverified,4 x 50 g per pack; public page did not expose price.
371061,"Quality Mandeln, braun, gemahlen, 1 kg",Quality,dessert_ingredients,nuts_almonds,1,kg,bag,1,,,https://web.transgourmet.ch/de/prodega-easy/catalog/article/371061,2026-08-22,official_product_verified_price_unverified,Official product and pack size verified; public page did not expose price.
090732,"Quality Beerenmischung, TK, 2 x 2,5 kg",Quality,vegetables_fruit,berries,5,kg,case,2,,,https://web.transgourmet.ch/de/prodega-easy/catalog/article/090732,2026-08-22,official_product_verified_price_unverified,2 x 2.5 kg frozen bags per case; public page did not expose price.
561000,"Kühne Burger Gurken wellig, 3,285 kg",Kühne,sauces_condiments,pickles,1.58,kg,can,1,,,https://web.transgourmet.ch/de/prodega-easy/catalog/article/561000,2026-08-22,official_product_verified_price_unverified,Usable/drained weight 1.58 kg; gross can weight 3.285 kg. Public page did not expose price.
